,n_estimators,criterion,max_depth,min_samples_split,max_features,bootstrap,max_samples,random_state,n_jobs,rmspe_train,rmspe_val,algoritmo,tiempo_min
0,77,squared_error,13,64,0.5239126993836312,True,0.6699365612515698,42,-1,0.33311495946538583,0.35330163050790286,RandomForestRegressor,0.0
0,71,friedman_mse,8,70,0.45893595834564577,True,0.25465528449534786,42,-1,0.34910600109422346,0.370809924354783,RandomForestRegressor,0.0
0,61,friedman_mse,8,91,0.7471968857505258,True,0.38128089440505963,42,-1,0.3542295982760628,0.376217432902499,RandomForestRegressor,0.0
0,63,squared_error,7,79,0.5769757423059091,True,0.30617069942481356,42,-1,0.3497072253159225,0.37144801851774684,RandomForestRegressor,0.0
0,52,poisson,6,92,0.39032461894269,True,0.5018302764480382,42,-1,0.3508012797634735,0.3726066220613826,RandomForestRegressor,0.0
0,52,friedman_mse,14,87,0.388921033283805,True,0.28511095467760883,42,-1,0.3439484285739447,0.3652907817590949,RandomForestRegressor,0.0
0,65,squared_error,11,83,0.7341335676550982,True,0.7910368351609847,42,-1,0.35215598573097495,0.374036901562663,RandomForestRegressor,0.0
0,75,squared_error,8,84,0.6322659433204867,True,0.7068981081025045,42,-1,0.35279813473916294,0.37471326246310516,RandomForestRegressor,0.0
0,70,poisson,15,60,0.36176640499508905,True,0.7916589751547516,42,-1,0.34724272551712965,0.35665060293376827,RandomForestRegressor,0.0
0,70,poisson,10,81,0.6932203591677792,True,0.5716839077468997,42,-1,0.35302418279983594,0.37495111466888226,RandomForestRegressor,0.0
0,72,squared_error,8,88,0.31102013460071654,True,0.7981335826656795,42,-1,0.3531908618995339,0.37512641907320077,RandomForestRegressor,0.0
0,52,friedman_mse,5,62,0.7164713742879711,True,0.5663068054526426,42,-1,0.35130627754508253,0.3731403420350944,RandomForestRegressor,0.0
0,53,poisson,13,95,0.33069582666827313,True,0.7153140652246563,42,-1,0.35080804120614817,0.37261377247125105,RandomForestRegressor,0.0
0,71,poisson,8,65,0.39104850628180965,True,0.6578708680261317,42,-1,0.34642562263238647,0.3679339506440194,RandomForestRegressor,0.0
0,59,squared_error,6,61,0.2712882579000157,True,0.5209169074073985,42,-1,0.35363618366520994,0.3755944617158634,RandomForestRegressor,0.0
0,77,poisson,14,70,0.25636874872381415,True,0.280138955667804,42,-1,0.3501796210602191,0.3719486820019181,RandomForestRegressor,0.0
0,63,squared_error,11,74,0.31920302250313953,True,0.5787899252587675,42,-1,0.35279778002700424,0.374712889131045,RandomForestRegressor,0.0
0,60,squared_error,7,80,0.7810684116265698,True,0.3735128361849841,42,-1,0.3519989044556778,0.3738712963410128,RandomForestRegressor,0.0
0,53,squared_error,9,87,0.7674864626766478,True,0.6351519605086056,42,-1,0.350768982292098,0.3725724649434434,RandomForestRegressor,0.0
0,72,poisson,7,66,0.3026058830793366,True,0.6370243725377193,42,-1,0.35328834686544003,0.37522891796546676,RandomForestRegressor,0.0
0,74,squared_error,8,90,0.22001075472052342,True,0.48946940354612667,42,-1,0.3532829548453379,0.3752232492089216,RandomForestRegressor,0.0
0,76,squared_error,15,83,0.6170165264958927,True,0.7194574890793064,42,-1,0.3528724249420994,0.374791445671394,RandomForestRegressor,0.0
0,62,poisson,6,84,0.4954709574338536,True,0.43576516752022887,42,-1,0.3548092310217286,0.37682515829273017,RandomForestRegressor,0.0
0,68,poisson,8,85,0.5731414981683773,True,0.2704861114184007,42,-1,0.3484667470065522,0.3701303426100771,RandomForestRegressor,0.0
0,77,friedman_mse,15,70,0.3551756339007921,True,0.7198517008139842,42,-1,0.3491060010942235,0.37080992435478316,RandomForestRegressor,0.0
0,75,squared_error,11,93,0.21616671163237988,True,0.3871391506667035,42,-1,0.3533572306330574,0.3753013310087253,RandomForestRegressor,0.0
0,78,squared_error,14,90,0.3080743602860744,True,0.2545050736813067,42,-1,0.34910600109422335,0.370809924354783,RandomForestRegressor,0.0
0,59,poisson,14,66,0.701174524071184,True,0.6981550083958211,42,-1,0.336861040675993,0.3572510500675654,RandomForestRegressor,0.0
0,53,squared_error,12,79,0.3057120357518514,True,0.2548449187058482,42,-1,0.3420093474935319,0.36319198654222534,RandomForestRegressor,0.0
0,77,squared_error,6,73,0.42125483652996454,True,0.6396244832414513,42,-1,0.35376203823055163,0.3757266530256994,RandomForestRegressor,0.0
0,60,squared_error,10,80,0.7221865877586928,True,0.20528092878844026,42,-1,0.34658565359486226,0.36812352244562935,RandomForestRegressor,0.0
0,78,poisson,7,88,0.45161574416353867,True,0.24645325946835525,42,-1,0.34851138720487895,0.3701778373116892,RandomForestRegressor,0.0
0,57,poisson,14,72,0.3979378484767195,True,0.7472563444314984,42,-1,0.3493932787537009,0.3710269796523854,RandomForestRegressor,0.0
0,65,squared_error,11,81,0.7043253953328998,True,0.6785463621229209,42,-1,0.3526248547936736,0.3745308501577136,RandomForestRegressor,0.0
0,79,friedman_mse,8,70,0.5447787335571136,True,0.583943721033375,42,-1,0.35410729934641083,0.37608910904975973,RandomForestRegressor,0.0
0,59,friedman_mse,6,61,0.2969969483433431,True,0.5855902899373344,42,-1,0.3522043409323292,0.37408786836451774,RandomForestRegressor,0.0
0,80,friedman_mse,8,65,0.6769719843989261,True,0.636407037104553,42,-1,0.350269020471716,0.37180945192055403,RandomForestRegressor,0.0
0,67,squared_error,5,93,0.6407629741231102,True,0.5558724363880079,42,-1,0.3520329175926894,0.3739071604121771,RandomForestRegressor,0.0
0,61,friedman_mse,15,73,0.7434813003443395,True,0.2572181317002909,42,-1,0.3483708343845947,0.3700282771898304,RandomForestRegressor,0.0
0,67,poisson,9,90,0.2107061989142121,True,0.6748107378341038,42,-1,0.3525846876860168,0.37448855568710804,RandomForestRegressor,0.0
0,74,poisson,7,90,0.5185335672197899,True,0.4494998445399696,42,-1,0.3532208870790241,0.3751579909422395,RandomForestRegressor,0.0
0,56,poisson,11,91,0.624742696612242,True,0.4783540485203951,42,-1,0.35267884102039176,0.37458768944777443,RandomForestRegressor,0.0
0,59,friedman_mse,9,75,0.2593402110276373,True,0.6089106879221422,42,-1,0.3513231644022832,0.3731581779094927,RandomForestRegressor,0.0
0,52,squared_error,8,91,0.6707768597368444,True,0.7266183124720076,42,-1,0.35050659077905394,0.3722948629595014,RandomForestRegressor,0.0
0,66,squared_error,9,62,0.6992557324241973,True,0.45925456231854433,42,-1,0.35273986427341514,0.37465192911580614,RandomForestRegressor,0.0
0,61,squared_error,9,77,0.3543075629351826,True,0.6525021682400569,42,-1,0.352625420533018,0.37453144583207987,RandomForestRegressor,0.0
0,71,friedman_mse,7,67,0.461526249317796,True,0.2947376422172888,42,-1,0.35138399954449523,0.37322242581377013,RandomForestRegressor,0.0
0,80,poisson,13,73,0.36763816849528697,True,0.6433161025292633,42,-1,0.3539413287771523,0.37591490712823145,RandomForestRegressor,0.0
0,77,poisson,13,72,0.6702719558292987,True,0.6962006967883569,42,-1,0.3535348500095277,0.3754879989959619,RandomForestRegressor,0.0
0,65,squared_error,12,72,0.6947355474804037,True,0.6262334047056366,42,-1,0.3520194721094945,0.37389298359573025,RandomForestRegressor,0.0
0,77,friedman_mse,6,81,0.7142439261088496,True,0.46215291868830594,42,-1,0.353156035083872,0.37508979552874544,RandomForestRegressor,0.0
0,67,friedman_mse,11,69,0.6651417077053241,True,0.4943963982552583,42,-1,0.3516153647734547,0.3734666836539757,RandomForestRegressor,0.0
0,68,squared_error,6,76,0.3330379703471497,True,0.4583468893010039,42,-1,0.3534114599321409,0.3753583308528669,RandomForestRegressor,0.0
0,68,poisson,11,68,0.5206085084746233,True,0.20260662758436604,42,-1,0.3486792788304384,0.3703564128228147,RandomForestRegressor,0.0
0,50,friedman_mse,9,81,0.6342091115888522,True,0.5550138328924562,42,-1,0.3491060010942235,0.37080992435478316,RandomForestRegressor,0.0
0,55,friedman_mse,12,60,0.3477887668140142,True,0.6486862002209355,42,-1,0.311966962022712,0.3289859264612131,RandomForestRegressor,0.0
0,73,poisson,6,68,0.6511438600056871,True,0.7380776442971348,42,-1,0.33044539055956673,0.3495884108459654,RandomForestRegressor,0.0
0,55,squared_error,11,63,0.6271849359882593,True,0.484203251139692,42,-1,0.350875376017729,0.3726849743064513,RandomForestRegressor,0.0
0,57,squared_error,8,63,0.29750678947789405,True,0.47397435621936573,42,-1,0.35239151387925527,0.37428509566294177,RandomForestRegressor,0.0
0,62,friedman_mse,10,65,0.34062061599997706,True,0.775018952006405,42,-1,0.30506169328086363,0.3196039536431423,RandomForestRegressor,0.0
0,54,poisson,6,70,0.20733618591199843,True,0.6543642008193251,42,-1,0.3515128915029439,0.37335851703746203,RandomForestRegressor,0.0
0,61,squared_error,13,64,0.5905592336179049,True,0.6179248549398372,42,-1,0.35241717187995825,0.374312125191548,RandomForestRegressor,0.0
0,63,friedman_mse,12,66,0.35218981843187913,True,0.5129890567574102,42,-1,0.3549246138684335,0.37694604316652136,RandomForestRegressor,0.0
0,76,poisson,11,70,0.4187109978867203,True,0.5202042088484791,42,-1,0.35429469367143807,0.3762857211956331,RandomForestRegressor,0.0
0,64,squared_error,14,66,0.6230268310525546,True,0.35829710205643084,42,-1,0.3546022824318353,0.37660826674432074,RandomForestRegressor,0.0
0,78,friedman_mse,6,83,0.7387541189322759,True,0.678369621519173,42,-1,0.35434290618324366,0.37633629227756094,RandomForestRegressor,0.0
0,64,poisson,9,76,0.4436603513621821,True,0.5264582834362095,42,-1,0.35529156868155026,0.3773302999790704,RandomForestRegressor,0.0
0,57,squared_error,13,73,0.4718303421656612,True,0.7186338067473172,42,-1,0.35156244759646454,0.3734108297774871,RandomForestRegressor,0.0
0,69,friedman_mse,12,60,0.33289192889102115,True,0.22365502007717422,42,-1,0.34652431540377204,0.3680579000274321,RandomForestRegressor,0.0
0,69,squared_error,12,86,0.29835863154815506,True,0.29254345949299965,42,-1,0.3505641080270898,0.37235573004670447,RandomForestRegressor,0.0
0,66,poisson,11,63,0.5246850530224514,True,0.5992413745234557,42,-1,0.3512636581128349,0.3730953241819048,RandomForestRegressor,0.0
0,80,squared_error,15,87,0.7968683245269976,True,0.5149007004748982,42,-1,0.3549246138684335,0.3769460431665212,RandomForestRegressor,0.0
0,56,friedman_mse,13,68,0.21541641868327813,True,0.39318802552911847,42,-1,0.3534576326327554,0.3754068570145332,RandomForestRegressor,0.0
0,71,squared_error,13,80,0.7338542746385253,True,0.6883273665832277,42,-1,0.35385367508852394,0.3758228805516939,RandomForestRegressor,0.0
0,66,poisson,12,88,0.7435833378643528,True,0.6893766960232259,42,-1,0.35208884616160757,0.37396612622759967,RandomForestRegressor,0.0
0,60,squared_error,6,75,0.42562733507700123,True,0.7384485454221517,42,-1,0.3511572398050978,0.3729828966558661,RandomForestRegressor,0.0
0,57,poisson,13,74,0.5363083981716228,True,0.39503557087198193,42,-1,0.3537905702641725,0.37575661650251596,RandomForestRegressor,0.0
0,76,poisson,5,90,0.754197803337304,True,0.4720640085529874,42,-1,0.3532320425149873,0.3751697204820838,RandomForestRegressor,0.0
0,60,poisson,11,94,0.20729487219148468,True,0.3124740973749583,42,-1,0.34801253729274934,0.36964675573861344,RandomForestRegressor,0.0
0,75,friedman_mse,5,81,0.32591554988604515,True,0.6031051042135596,42,-1,0.3523337043836203,0.3742241900616494,RandomForestRegressor,0.0
0,80,friedman_mse,6,89,0.7512965122309962,True,0.6635931354762041,42,-1,0.35410072900050144,0.3760822140517607,RandomForestRegressor,0.0
0,76,squared_error,8,71,0.7166592909864384,True,0.5282533516988277,42,-1,0.35436448527680986,0.37635892531210685,RandomForestRegressor,0.0
0,64,friedman_mse,8,68,0.7504000237763313,True,0.7003516827241207,42,-1,0.34706048084344554,0.36863111139600724,RandomForestRegressor,0.0
0,64,squared_error,14,75,0.5808856724406005,True,0.6255021616555114,42,-1,0.352291787365382,0.37418002293232056,RandomForestRegressor,0.0
0,57,friedman_mse,12,66,0.5035183469454405,True,0.48012168845902903,42,-1,0.3516787483191086,0.37353357536610293,RandomForestRegressor,0.0
0,51,poisson,9,68,0.41059480088054645,True,0.24751832271702906,42,-1,0.3411031895951491,0.36220609280231747,RandomForestRegressor,0.0
0,56,poisson,6,65,0.3850805632027492,True,0.39464020567865316,42,-1,0.3534576326327554,0.3754068570145332,RandomForestRegressor,0.0
0,71,friedman_mse,9,95,0.44125183804317913,True,0.29051889674524783,42,-1,0.35138399954449523,0.37322242581377013,RandomForestRegressor,0.0
0,52,poisson,14,66,0.3290034760192664,True,0.7447585104451298,42,-1,0.31741016792257537,0.3347345867630789,RandomForestRegressor,0.0
0,70,friedman_mse,8,86,0.3256819510030317,True,0.21878465811035197,42,-1,0.34739769082364785,0.36899116027562323,RandomForestRegressor,0.0
0,72,poisson,13,66,0.34948587462239966,True,0.5744627614418986,42,-1,0.35350183202828367,0.37545330458027115,RandomForestRegressor,0.0
0,78,poisson,5,93,0.5819602853668682,True,0.34678987886185375,42,-1,0.3518125389595115,0.37367473764392156,RandomForestRegressor,0.0
0,58,squared_error,15,64,0.30108698120508026,True,0.7377601585268871,42,-1,0.30216562682289566,0.3154693658960442,RandomForestRegressor,0.0
0,54,poisson,9,60,0.44579169655258305,True,0.6614372701047808,42,-1,0.3166383873825923,0.33348610201902584,RandomForestRegressor,0.0
0,58,squared_error,13,66,0.5625343479527679,True,0.6876635813389822,42,-1,0.3413783702714655,0.3623708373747463,RandomForestRegressor,0.0
0,60,poisson,5,87,0.6305421434482803,True,0.4676308489347821,42,-1,0.3518510279867564,0.37371533897439974,RandomForestRegressor,0.0
0,50,poisson,7,94,0.38105400219512275,True,0.7713163026565917,42,-1,0.348955983821642,0.37065054851327595,RandomForestRegressor,0.0
0,60,poisson,12,86,0.5442302376575515,True,0.4641612931140636,42,-1,0.3518510279867564,0.37371533897439974,RandomForestRegressor,0.0
0,76,squared_error,15,81,0.22124858495612032,True,0.43350824137533434,42,-1,0.35410469834646086,0.3760863795417911,RandomForestRegressor,0.0
0,55,friedman_mse,9,76,0.26275582890554455,True,0.7299639511204019,42,-1,0.35137192966676656,0.37320967959052936,RandomForestRegressor,0.0
0,61,poisson,7,79,0.5808830122535351,True,0.5745068862789823,42,-1,0.35318162585434126,0.37511670681877035,RandomForestRegressor,0.0
0,80,squared_error,15,68,0.2392216311432988,True,0.4461972134765967,42,-1,0.3531591313893899,0.37509305169105944,RandomForestRegressor,0.0
0,76,squared_error,14,87,0.6562035409963429,True,0.7983183955061668,42,-1,0.3531713769869093,0.3751059292830123,RandomForestRegressor,0.0
0,52,poisson,15,60,0.7187184881951096,True,0.4049163930469968,42,-1,0.35245879247066186,0.37435596713338715,RandomForestRegressor,0.0
0,67,poisson,14,94,0.32987223849304326,True,0.4845052363294321,42,-1,0.35138210639307565,0.3732204266028101,RandomForestRegressor,0.0
0,53,squared_error,5,82,0.4984898675220167,True,0.6169983373899461,42,-1,0.3506329401611804,0.37242855943706354,RandomForestRegressor,0.0
0,78,squared_error,8,71,0.6414472655178962,True,0.32906721276919965,42,-1,0.3515507420878169,0.373398473694318,RandomForestRegressor,0.0
0,75,friedman_mse,9,66,0.6916151047762105,True,0.7382163249940557,42,-1,0.3123912898526047,0.3291440549214085,RandomForestRegressor,0.0
0,72,poisson,7,86,0.40079624597179114,True,0.6125072782121901,42,-1,0.35319800988486477,0.3751339354680966,RandomForestRegressor,0.0
0,53,friedman_mse,15,83,0.2856849182631735,True,0.7823605152659805,42,-1,0.3501637370099755,0.3719318573437875,RandomForestRegressor,0.0
0,79,squared_error,8,80,0.7567106758939068,True,0.615711432818046,42,-1,0.3535155992407947,0.37546777111240665,RandomForestRegressor,0.0
0,72,squared_error,11,83,0.42381582707051907,True,0.2522362043777565,42,-1,0.3481419416495143,0.36978459174244055,RandomForestRegressor,0.0
0,80,friedman_mse,5,87,0.350795519865758,True,0.7582371030214998,42,-1,0.35267971725781444,0.374588611934029,RandomForestRegressor,0.0
0,53,squared_error,11,92,0.2915495289270189,True,0.3137804151709226,42,-1,0.3440711012577154,0.36542308411868935,RandomForestRegressor,0.0
0,60,squared_error,7,61,0.2666387611775459,True,0.5307173398353926,42,-1,0.3535830823070442,0.37553867560479043,RandomForestRegressor,0.0
0,77,poisson,15,64,0.495208916065009,True,0.6939030710631447,42,-1,0.33499901480726557,0.35464848770651214,RandomForestRegressor,0.0
0,69,poisson,10,65,0.5873919291794982,True,0.733759228251788,42,-1,0.3125518062789141,0.32567453309129724,RandomForestRegressor,0.0
0,68,friedman_mse,8,66,0.28104517279467023,True,0.7278624563872675,42,-1,0.32059254063320464,0.33782298298673974,RandomForestRegressor,0.0
0,61,poisson,9,70,0.22910965246218615,True,0.2995132732457291,42,-1,0.35103548253744754,0.3728542279688972,RandomForestRegressor,0.0
0,59,poisson,7,89,0.7511368258540916,True,0.22078896461603828,42,-1,0.345328305833379,0.36677590582630554,RandomForestRegressor,0.0
0,58,squared_error,8,91,0.71865611570249,True,0.48070336183959383,42,-1,0.3519548867241995,0.3738248789428786,RandomForestRegressor,0.0
0,57,friedman_mse,13,77,0.3694425604023801,True,0.7047473561633657,42,-1,0.3510741517560746,0.3728950963832458,RandomForestRegressor,0.0
0,55,friedman_mse,14,86,0.3556441965948783,True,0.47411764283823354,42,-1,0.35147722545396903,0.37332086311794727,RandomForestRegressor,0.0
0,71,squared_error,15,81,0.6035841114111147,True,0.6557658686186345,42,-1,0.35390350792357894,0.37587520164210664,RandomForestRegressor,0.0
0,57,squared_error,10,66,0.7004232017527321,True,0.4982505634220932,42,-1,0.35254224928478956,0.3744438653454747,RandomForestRegressor,0.0
0,52,friedman_mse,6,87,0.6790641418237143,True,0.2451786862903559,42,-1,0.3430949407632994,0.3643687633091062,RandomForestRegressor,0.0
0,77,poisson,5,90,0.37176945841682063,True,0.5882409439742136,42,-1,0.35369478547269123,0.3756560187112485,RandomForestRegressor,0.0
0,73,friedman_mse,5,87,0.4662284005830743,True,0.2847162495378882,42,-1,0.3506675609230672,0.3724651859609503,RandomForestRegressor,0.0
0,73,poisson,15,63,0.5661483465182916,True,0.5877072073878062,42,-1,0.35338584794099187,0.37533141122592834,RandomForestRegressor,0.0
0,65,friedman_mse,13,85,0.5866935954076282,True,0.3917362826648688,42,-1,0.3558703557543235,0.37793577840656123,RandomForestRegressor,0.0
0,55,poisson,10,77,0.22758400984996977,True,0.3452044294260875,42,-1,0.3474205963831096,0.36901560449296683,RandomForestRegressor,0.0
0,66,squared_error,8,90,0.580743327425028,True,0.3325315122739171,42,-1,0.35192905592122004,0.3737976376879818,RandomForestRegressor,0.0
0,65,friedman_mse,11,71,0.38121664027960234,True,0.48115293382575114,42,-1,0.3527951808842806,0.37471015354225107,RandomForestRegressor,0.0
0,63,squared_error,5,94,0.35066396092425045,True,0.6133833375622502,42,-1,0.35199993669812935,0.3738723847988516,RandomForestRegressor,0.0
0,63,squared_error,13,62,0.6009201753478606,True,0.3566072144408232,42,-1,0.3531959580489111,0.37513177789228946,RandomForestRegressor,0.0
0,73,friedman_mse,6,91,0.321708753807276,True,0.22640745442339985,42,-1,0.3477011725149577,0.3693148981126597,RandomForestRegressor,0.0
0,78,poisson,15,64,0.7898728707713418,True,0.5603017904043956,42,-1,0.35370081904787104,0.37566235609343046,RandomForestRegressor,0.0
0,50,squared_error,11,69,0.6255725882031569,True,0.5819798704490107,42,-1,0.3498071432947017,0.3715539664705519,RandomForestRegressor,0.0
0,56,poisson,5,80,0.5795427504460227,True,0.29672127437855983,42,-1,0.34722312902907393,0.36880481947693927,RandomForestRegressor,0.0
0,66,squared_error,14,71,0.6659744726234753,True,0.7594129319923641,42,-1,0.34207390885584393,0.3632621006964847,RandomForestRegressor,0.0
0,77,squared_error,8,87,0.29896443332035205,True,0.30292776345280964,42,-1,0.35088779116779373,0.3726981011551202,RandomForestRegressor,0.0
0,65,poisson,13,64,0.39301543610834166,True,0.4607825766303511,42,-1,0.3537179564754113,0.3756803559737202,RandomForestRegressor,0.0
0,51,poisson,11,62,0.4804598790747395,True,0.21536703602932736,42,-1,0.3397214919081102,0.36069605628626344,RandomForestRegressor,0.0
0,67,friedman_mse,5,81,0.6920325585744634,True,0.719720258774273,42,-1,0.35193944078242356,0.3738085898001051,RandomForestRegressor,0.0
0,59,poisson,15,91,0.29460708490597504,True,0.7122199359826671,42,-1,0.35065153680671085,0.3724482338786182,RandomForestRegressor,0.0
0,53,friedman_mse,9,72,0.7969474588689247,True,0.5582593249105476,42,-1,0.35069382835925916,0.3724929730886145,RandomForestRegressor,0.0
0,51,poisson,11,86,0.6897668608941832,True,0.5268651810720801,42,-1,0.351084685144826,0.37290622815199376,RandomForestRegressor,0.0
0,79,friedman_mse,5,60,0.2880736826991478,True,0.6330030551615433,42,-1,0.3256338887473523,0.34458673396116835,RandomForestRegressor,0.0
0,56,squared_error,15,78,0.6863159271652698,True,0.37147005114870035,42,-1,0.3512098650317713,0.37303849718201837,RandomForestRegressor,0.0
0,60,poisson,7,86,0.7039904645065511,True,0.39178576462769266,42,-1,0.353680768507096,0.3756412956248599,RandomForestRegressor,0.0
0,55,poisson,7,88,0.28663998138908664,True,0.30255937267139543,42,-1,0.34515092369910283,0.3665853652177588,RandomForestRegressor,0.0
0,65,friedman_mse,5,83,0.2351301964357259,True,0.6388008192089825,42,-1,0.35230361934240223,0.37419249049132425,RandomForestRegressor,0.0
0,62,squared_error,7,60,0.6017352758264074,True,0.44706101513022645,42,-1,0.353380443395755,0.37532573055017654,RandomForestRegressor,0.0
0,66,friedman_mse,8,94,0.7575238895326051,True,0.3904062167201876,42,-1,0.3551610054098605,0.37719361468195756,RandomForestRegressor,0.0
0,58,squared_error,15,66,0.6030609324728992,True,0.6015813816015703,42,-1,0.3513936376069528,0.37323260368419503,RandomForestRegressor,0.0
0,74,friedman_mse,12,91,0.33149660042296436,True,0.6966362160389468,42,-1,0.35348273444715717,0.3754332361792314,RandomForestRegressor,0.0
0,54,poisson,6,62,0.34791387449469774,True,0.3884386748924795,42,-1,0.3521868113705593,0.3740693927255859,RandomForestRegressor,0.0
0,71,squared_error,5,78,0.6770954983725747,True,0.5005654868323186,42,-1,0.3539067914687549,0.3758786489392912,RandomForestRegressor,0.0
0,73,squared_error,7,77,0.6747791295018363,True,0.3043020804077069,42,-1,0.3506714328749148,0.37246928203774704,RandomForestRegressor,0.0
0,62,friedman_mse,11,67,0.7963766268695502,True,0.33398782221838286,42,-1,0.3516782219358329,0.3735330198904659,RandomForestRegressor,0.0
0,64,squared_error,9,79,0.7538987005551585,True,0.6911257036855685,42,-1,0.35245643409520605,0.3743534830018127,RandomForestRegressor,0.0
0,65,squared_error,14,73,0.5624865056502447,True,0.23908856415487878,42,-1,0.349291409685123,0.3710068111732134,RandomForestRegressor,0.0
0,72,squared_error,6,72,0.5590185641725365,True,0.7322915207072831,42,-1,0.3512430335823966,0.37307353731635673,RandomForestRegressor,0.0
0,80,poisson,13,83,0.20225822778807195,True,0.34670952363503893,42,-1,0.35120986503177104,0.37303849718201804,RandomForestRegressor,0.0
0,66,poisson,13,71,0.5187420606712778,True,0.32609567670556916,42,-1,0.3510263866889853,0.3728446142551528,RandomForestRegressor,0.0
0,61,squared_error,13,91,0.39327914704593975,True,0.7753952103513146,42,-1,0.3510354825374475,0.37285422796889706,RandomForestRegressor,0.0
0,56,poisson,6,81,0.46174989622863827,True,0.7212823450553849,42,-1,0.35187321875329963,0.37373874588838696,RandomForestRegressor,0.0
0,74,squared_error,15,87,0.6218930630547659,True,0.41546911736571657,42,-1,0.355765371093843,0.37782600607852235,RandomForestRegressor,0.0
0,63,poisson,10,81,0.41410066420307334,True,0.6243323956915219,42,-1,0.3518843983833225,0.3737505377396552,RandomForestRegressor,0.0
0,50,friedman_mse,9,67,0.2166548327352888,True,0.25014518394829205,42,-1,0.33951560265243247,0.3604703100734434,RandomForestRegressor,0.0
0,52,squared_error,7,88,0.5110203682247461,True,0.2617614005472663,42,-1,0.3420761346403371,0.3632645176175717,RandomForestRegressor,0.0
0,73,poisson,14,69,0.2705891309151816,True,0.2908331730112671,42,-1,0.35202454430029345,0.373898331728702,RandomForestRegressor,0.0
0,70,friedman_mse,13,88,0.47848684451429097,True,0.4972659625286922,42,-1,0.35292978168974554,0.3748517989465561,RandomForestRegressor,0.0
0,75,poisson,6,83,0.7660832139775617,True,0.422573948747925,42,-1,0.35446893743284125,0.376468464046295,RandomForestRegressor,0.0
0,76,poisson,6,86,0.20316814730342483,True,0.5902504531066307,42,-1,0.3534844838198562,0.37543507451651353,RandomForestRegressor,0.0
0,66,friedman_mse,10,82,0.4318469869745834,True,0.3988092801078028,42,-1,0.3557389888715548,0.3777984170072202,RandomForestRegressor,0.0
0,76,poisson,12,68,0.7733952908810255,True,0.5536670726354636,42,-1,0.3536050413094377,0.375561745634383,RandomForestRegressor,0.0
0,58,poisson,8,93,0.40494653031835465,True,0.2967262693574606,42,-1,0.3487722824682215,0.3704552996797171,RandomForestRegressor,0.0
0,61,squared_error,6,77,0.7991875180792873,True,0.5742498346510064,42,-1,0.35318162585434126,0.37511670681877035,RandomForestRegressor,0.0
0,56,poisson,12,93,0.4708711569158012,True,0.2514807241315622,42,-1,0.3444660313996061,0.3658486485780468,RandomForestRegressor,0.0
0,51,squared_error,10,87,0.663000314940933,True,0.7356615959856763,42,-1,0.34949584383704135,0.37122378929899263,RandomForestRegressor,0.0
0,62,squared_error,13,80,0.784769169819789,True,0.4887681152439803,42,-1,0.35281096870259476,0.3747267699146759,RandomForestRegressor,0.0
0,51,poisson,5,67,0.44776659944906644,True,0.23345121796438173,42,-1,0.3388565551733281,0.35974636499332296,RandomForestRegressor,0.0
0,79,squared_error,11,89,0.6438618128623279,True,0.31683087460706305,42,-1,0.3499240207600725,0.3716778625697816,RandomForestRegressor,0.0
0,75,friedman_mse,13,60,0.43781865281219523,True,0.5417405661580652,42,-1,0.3536631275070302,0.37562276528645916,RandomForestRegressor,0.0
0,68,squared_error,14,65,0.2703700795681926,True,0.37530623834430554,42,-1,0.35319397330890195,0.37512969086062015,RandomForestRegressor,0.0
0,54,friedman_mse,5,93,0.4655127466041661,True,0.7663801829805486,42,-1,0.350737892278658,0.3725395822084834,RandomForestRegressor,0.0
0,65,friedman_mse,11,64,0.5136587284825596,True,0.6731640771542771,42,-1,0.3305044811945317,0.35042232195769707,RandomForestRegressor,0.0
0,67,squared_error,8,93,0.38185357489689936,True,0.6625352227189898,42,-1,0.35262903986884025,0.3745352566597013,RandomForestRegressor,0.0
0,52,squared_error,8,74,0.5157883225247338,True,0.5085818659836019,42,-1,0.3519027029143682,0.3737698439884883,RandomForestRegressor,0.0
0,67,squared_error,5,61,0.21742842347315308,True,0.7056525387779395,42,-1,0.3074135841454351,0.32147518097572364,RandomForestRegressor,0.0
0,70,friedman_mse,9,71,0.43522644036882735,True,0.5851107151343402,42,-1,0.35311597778664955,0.37504766807959894,RandomForestRegressor,0.0
0,66,friedman_mse,15,82,0.42025823883231894,True,0.5727551222659051,42,-1,0.35262662805146816,0.3745327172414616,RandomForestRegressor,0.0
0,57,squared_error,13,66,0.390538875816428,True,0.7265659104645603,42,-1,0.3171222515638883,0.33353396570790633,RandomForestRegressor,0.0
0,78,squared_error,7,67,0.27276500401007253,True,0.29223265329586046,42,-1,0.3514394984178395,0.37328102979773703,RandomForestRegressor,0.0
0,77,squared_error,6,78,0.30621062773309105,True,0.2857594523975109,42,-1,0.3501796210602191,0.3719486820019181,RandomForestRegressor,0.0
0,57,friedman_mse,15,80,0.4861394189398093,True,0.5476110558163667,42,-1,0.35241687296736757,0.37431181031015287,RandomForestRegressor,0.0
0,69,friedman_mse,13,89,0.7982640526312592,True,0.5672915173152893,42,-1,0.3534540701246974,0.3754031131015721,RandomForestRegressor,0.0
0,74,squared_error,7,90,0.3644539913342393,True,0.5936917880113373,42,-1,0.353885760969324,0.375856569206205,RandomForestRegressor,0.0
0,61,friedman_mse,6,95,0.674346802216965,True,0.5886031205924294,42,-1,0.352811704168555,0.3747275439636146,RandomForestRegressor,0.0
0,78,squared_error,14,75,0.6501467336311979,True,0.3119767803193366,42,-1,0.3502018053510734,0.37197217884048417,RandomForestRegressor,0.0
0,72,squared_error,7,93,0.4067192690608121,True,0.40964037793012253,42,-1,0.356102233312981,0.3781781467730186,RandomForestRegressor,0.0
0,53,squared_error,6,85,0.501842269961863,True,0.7485013723991407,42,-1,0.3511804042968999,0.37300737169464343,RandomForestRegressor,0.0
0,69,poisson,11,83,0.40497663769155834,True,0.5932816933859993,42,-1,0.35311681477307316,0.3750485483605123,RandomForestRegressor,0.0
0,69,poisson,9,67,0.3493276485738004,True,0.6289389900247588,42,-1,0.35289833579667235,0.37481871118705107,RandomForestRegressor,0.0
0,62,poisson,7,94,0.3752943726817637,True,0.7997367167172371,42,-1,0.3513043716081065,0.37313832894103505,RandomForestRegressor,0.0
0,59,friedman_mse,11,79,0.6919803850586729,True,0.6012324124742957,42,-1,0.35051479084232173,0.3723035411382488,RandomForestRegressor,0.0
0,61,friedman_mse,13,82,0.5006472958703715,True,0.671052213477082,42,-1,0.3528605001948332,0.37477889693451255,RandomForestRegressor,0.0
0,63,squared_error,11,67,0.3480496302997633,True,0.6138352663691045,42,-1,0.35199993669812935,0.3738723847988516,RandomForestRegressor,0.0
0,61,friedman_mse,8,71,0.5397177998459528,True,0.7831556256996384,42,-1,0.33686178181126974,0.3575420010298376,RandomForestRegressor,0.0
0,75,friedman_mse,11,75,0.5504367312401777,True,0.7802465564593337,42,-1,0.35111023942826947,0.37293323292178465,RandomForestRegressor,0.0
0,80,poisson,11,93,0.5856043439257532,True,0.21441692897461684,42,-1,0.3496110441040618,0.3713460067957226,RandomForestRegressor,0.0
0,76,squared_error,11,83,0.2997571143951376,True,0.7809480656187968,42,-1,0.35310637747238016,0.3750375710535867,RandomForestRegressor,0.0
0,66,friedman_mse,12,94,0.7078266220970353,True,0.43041267464511457,42,-1,0.35413017395670576,0.3761131131603148,RandomForestRegressor,0.0
0,68,poisson,12,82,0.3180290783632926,True,0.47209712649119445,42,-1,0.35306828869992796,0.37499750942857857,RandomForestRegressor,0.0
0,74,friedman_mse,6,76,0.31664243214902993,True,0.36409750816158704,42,-1,0.3528306587334715,0.37474749244453753,RandomForestRegressor,0.0
0,71,friedman_mse,13,62,0.7361908871173155,True,0.5508863862859947,42,-1,0.3539303765827798,0.37590340952090323,RandomForestRegressor,0.0
0,78,poisson,9,84,0.34384310161151677,True,0.48521701545739643,42,-1,0.3535384615063983,0.37549179370517527,RandomForestRegressor,0.0
0,76,friedman_mse,7,88,0.6543190955653564,True,0.734065580778696,42,-1,0.3530030133228846,0.3749288449519405,RandomForestRegressor,0.0
0,74,squared_error,11,79,0.726831410369237,True,0.6279125433745942,42,-1,0.35382316403216185,0.3757908431719245,RandomForestRegressor,0.0
0,63,poisson,5,78,0.6650344092735535,True,0.4585635005777004,42,-1,0.35344412603630637,0.37539266249623837,RandomForestRegressor,0.0
0,75,poisson,8,86,0.3575765152688233,True,0.253889366473137,42,-1,0.3477213683396521,0.3693364319966282,RandomForestRegressor,0.0
0,54,friedman_mse,15,60,0.6396867893000412,True,0.3312623323690747,42,-1,0.3459370506132126,0.36742900315489035,RandomForestRegressor,0.0
0,77,squared_error,13,63,0.22317910231934324,True,0.7252105387147318,42,-1,0.3043201260377357,0.320066041789485,RandomForestRegressor,0.0
0,76,poisson,7,62,0.5361692624675481,True,0.5377455637540969,42,-1,0.3540486755878889,0.37602758508197104,RandomForestRegressor,0.0
0,52,poisson,14,63,0.624625865706426,True,0.4071354282511339,42,-1,0.35245879247066186,0.37435596713338715,RandomForestRegressor,0.0
0,69,squared_error,7,95,0.733137743350438,True,0.3419643099740836,42,-1,0.35288974753815316,0.3748096741001154,RandomForestRegressor,0.0
0,77,poisson,10,83,0.5804023136876679,True,0.51315757463541,42,-1,0.3543803539726409,0.3763755683725543,RandomForestRegressor,0.0
0,51,squared_error,9,68,0.5701347792390732,True,0.597887271605068,42,-1,0.34853752941758254,0.37020564848314225,RandomForestRegressor,0.0
0,76,poisson,15,66,0.6372128742426497,True,0.6952384706232293,42,-1,0.3409767185591222,0.36165303229520684,RandomForestRegressor,0.0
0,73,squared_error,6,73,0.5856932903848887,True,0.4059281453218012,42,-1,0.35621342146985024,0.3782943247997771,RandomForestRegressor,0.0
0,69,poisson,12,85,0.39626975014014465,True,0.4635501451335057,42,-1,0.3529864109410924,0.37491137894239956,RandomForestRegressor,0.0
0,64,squared_error,5,82,0.5112258744335993,True,0.5059076375738705,42,-1,0.3549276894302891,0.376949264980609,RandomForestRegressor,0.0
0,78,friedman_mse,13,68,0.2057296990038322,True,0.41865892781460734,42,-1,0.35550818645439747,0.37755699244535085,RandomForestRegressor,0.0
0,55,poisson,9,65,0.2095608123926781,True,0.4650393354098034,42,-1,0.3510551230200362,0.3728749859318335,RandomForestRegressor,0.0
0,72,squared_error,12,77,0.625199282750432,True,0.7080044106915588,42,-1,0.35289574660622014,0.37481598670242733,RandomForestRegressor,0.0
0,58,poisson,5,73,0.30010571550342907,True,0.3735394471093887,42,-1,0.3522389125153492,0.3741243035540053,RandomForestRegressor,0.0
0,61,poisson,14,81,0.7734928288041807,True,0.6346684237219422,42,-1,0.35256313551779594,0.37446586043064956,RandomForestRegressor,0.0
0,80,squared_error,8,73,0.6827807825279247,True,0.23953639246296277,42,-1,0.3488055936099945,0.370490711951983,RandomForestRegressor,0.0
0,75,friedman_mse,12,85,0.5131214835757554,True,0.6889912286176096,42,-1,0.3534762521005045,0.37542642410911387,RandomForestRegressor,0.0
0,70,squared_error,9,93,0.33917167496646355,True,0.7137082154132965,42,-1,0.3523562165625386,0.37424790890620857,RandomForestRegressor,0.0
0,54,poisson,8,72,0.5347439713537291,True,0.5486475140420222,42,-1,0.3516915691533726,0.37354710457028983,RandomForestRegressor,0.0
0,71,poisson,5,81,0.5432583787167351,True,0.2224569675252638,42,-1,0.346595887395755,0.3681344698682983,RandomForestRegressor,0.0
0,73,friedman_mse,14,79,0.7354376866715171,True,0.40639850465599786,42,-1,0.35621342146985024,0.3782943247997771,RandomForestRegressor,0.0
0,80,poisson,11,74,0.5916569729924901,True,0.2397626984709979,42,-1,0.3488055936099945,0.370490711951983,RandomForestRegressor,0.0
0,51,squared_error,7,67,0.38026329014122184,True,0.25071096144432636,42,-1,0.3411031895951491,0.3622060928023175,RandomForestRegressor,0.0
0,74,squared_error,11,70,0.46215926930997275,True,0.6378358011966391,42,-1,0.3538912229949933,0.37586230383657676,RandomForestRegressor,0.0
0,52,poisson,7,79,0.7945677408053444,True,0.7300388403900806,42,-1,0.35056812524240716,0.3723599808979314,RandomForestRegressor,0.0
0,73,friedman_mse,8,61,0.5831597432961164,True,0.7482641823391032,42,-1,0.31973175360851047,0.32580666092794874,RandomForestRegressor,0.0
0,64,friedman_mse,7,93,0.7887311780179158,True,0.7705462019189901,42,-1,0.35138943856858323,0.37322816949569365,RandomForestRegressor,0.0
0,70,poisson,9,80,0.38931247487803533,True,0.4992502368070598,42,-1,0.35292978168974554,0.3748517989465561,RandomForestRegressor,0.0
0,79,friedman_mse,9,75,0.7072733676802854,True,0.46971118644655346,42,-1,0.35281447878025574,0.37473046412129385,RandomForestRegressor,0.0
0,50,poisson,5,85,0.43619996356119195,True,0.2900813981319025,42,-1,0.3429722604359883,0.36423600781327903,RandomForestRegressor,0.0
0,72,squared_error,7,68,0.49419656428520936,True,0.2903109298010779,42,-1,0.3513519492472739,0.37318857872867023,RandomForestRegressor,0.0
0,68,squared_error,13,63,0.49430162759095275,True,0.5173450555562862,42,-1,0.3545721018686105,0.37657662809635306,RandomForestRegressor,0.0
0,66,friedman_mse,11,91,0.2546528450924918,True,0.3541868739219197,42,-1,0.35236533647560275,0.37425751729594314,RandomForestRegressor,0.0
0,71,poisson,10,78,0.34044065683759694,True,0.5105488826813398,42,-1,0.35450826227868415,0.3765096975129961,RandomForestRegressor,0.0
0,64,squared_error,10,84,0.5208069910532516,True,0.5148873555503353,42,-1,0.3556778725938783,0.3777344992131532,RandomForestRegressor,0.0
0,71,poisson,6,61,0.28400948120631464,True,0.6827085964014099,42,-1,0.3137363300441237,0.32787416918912027,RandomForestRegressor,0.0
0,63,friedman_mse,5,72,0.2757474972088857,True,0.23373631691548452,42,-1,0.34562090259276546,0.36708997531827986,RandomForestRegressor,0.0
0,70,poisson,14,67,0.6092755038716364,True,0.5532770327811041,42,-1,0.35296924694510406,0.3748933214078856,RandomForestRegressor,0.0
0,65,squared_error,9,72,0.43636694448453095,True,0.7652219420976092,42,-1,0.3456442746063248,0.36706711504916223,RandomForestRegressor,0.0
0,57,friedman_mse,13,76,0.5404176482374565,True,0.33703469003982733,42,-1,0.34849579760006594,0.3701612514949951,RandomForestRegressor,0.0
0,64,friedman_mse,15,94,0.45785654776184137,True,0.7785299707882658,42,-1,0.35106400712310726,0.3728843751816498,RandomForestRegressor,0.0
0,72,poisson,5,82,0.2180750236367929,True,0.4104698088273485,42,-1,0.356102233312981,0.3781781467730186,RandomForestRegressor,0.0
0,71,poisson,6,62,0.25872286500175606,True,0.42435048391664815,42,-1,0.3556050255647953,0.37765830239704634,RandomForestRegressor,0.0
0,53,poisson,13,84,0.36810654122627584,True,0.47921285523890894,42,-1,0.3497901960846387,0.3715359984460086,RandomForestRegressor,0.0
0,69,friedman_mse,9,85,0.6508222139890503,True,0.649158931743543,42,-1,0.3530881390632824,0.3750183883980665,RandomForestRegressor,0.0
0,61,poisson,12,85,0.6870036587970261,True,0.7664665528783174,42,-1,0.35137546614188886,0.37321341427371835,RandomForestRegressor,0.0
0,51,squared_error,8,73,0.2871600777680453,True,0.4435060995945892,42,-1,0.3485909908581806,0.3702625167931712,RandomForestRegressor,0.0
0,66,squared_error,11,75,0.5435326432282213,True,0.42055347495888995,42,-1,0.3554645607491367,0.3775113459821716,RandomForestRegressor,0.0
0,69,poisson,6,78,0.25813514731647036,True,0.659813339372507,42,-1,0.3532377117141345,0.37517568132765894,RandomForestRegressor,0.0
0,55,friedman_mse,11,63,0.5198525253026942,True,0.5062866145296596,42,-1,0.35282699147345775,0.3747436329531141,RandomForestRegressor,0.0
0,75,friedman_mse,9,70,0.22681343151102218,True,0.21452584928347426,42,-1,0.34892716551027136,0.37061992507498914,RandomForestRegressor,0.0
0,71,friedman_mse,9,90,0.7618356174236209,True,0.74640894491491,42,-1,0.3541087617688645,0.3760906437195259,RandomForestRegressor,0.0
0,61,squared_error,5,67,0.37965862803321193,True,0.5467356669742249,42,-1,0.35364465228245023,0.37560335788739235,RandomForestRegressor,0.0
0,76,friedman_mse,12,92,0.431644737341492,True,0.5983715709690348,42,-1,0.3525555201990736,0.37445784093754253,RandomForestRegressor,0.0
0,73,friedman_mse,5,69,0.5815315317840153,True,0.2131242512326913,42,-1,0.3494746824961763,0.37120133493374535,RandomForestRegressor,0.0
0,57,friedman_mse,11,74,0.6481211682970784,True,0.3508255818620618,42,-1,0.34983832322283476,0.3715870224574156,RandomForestRegressor,0.0
0,58,squared_error,12,60,0.49020869641713927,True,0.6387089876038101,42,-1,0.318740780957291,0.33661583386745875,RandomForestRegressor,0.0
0,69,squared_error,5,95,0.3402343579453544,True,0.2685965724845672,42,-1,0.3491060010942235,0.37080992435478316,RandomForestRegressor,0.0
0,73,friedman_mse,12,76,0.29083654501415385,True,0.7091973596027026,42,-1,0.35290145710791265,0.3748219955761186,RandomForestRegressor,0.0
0,58,poisson,13,68,0.6684180052079004,True,0.5157189475268301,42,-1,0.3549246138684335,0.37694604316652136,RandomForestRegressor,0.0
0,66,squared_error,13,92,0.536858267437833,True,0.5415645415325372,42,-1,0.35327338159666005,0.3752131844590842,RandomForestRegressor,0.0
0,73,poisson,10,69,0.6399559837609117,True,0.6216565065553733,42,-1,0.3532860014667785,0.3752264522016127,RandomForestRegressor,0.0
0,58,friedman_mse,13,95,0.7457576493183953,True,0.43728117523555377,42,-1,0.3537414515538343,0.37570503234422503,RandomForestRegressor,0.0
0,66,friedman_mse,7,91,0.6316188190353913,True,0.23327196431330816,42,-1,0.34577593399754863,0.36725626782815507,RandomForestRegressor,0.0
0,57,poisson,7,63,0.37825936051764325,True,0.6396722046302173,42,-1,0.34264602028901364,0.36398027361258684,RandomForestRegressor,0.0
0,73,squared_error,5,93,0.7261793427502636,True,0.6982668584664173,42,-1,0.3533051014048793,0.37524653196326874,RandomForestRegressor,0.0
0,53,poisson,15,72,0.704947755550388,True,0.684604619434303,42,-1,0.351220645793094,0.37304988657563376,RandomForestRegressor,0.0
0,75,friedman_mse,8,82,0.5400866320851506,True,0.20195495212259565,42,-1,0.3498854089308613,0.371636936196712,RandomForestRegressor,0.0
0,80,squared_error,12,92,0.44287229092295943,True,0.23243594436135892,42,-1,0.34740942908736056,0.3690036872463081,RandomForestRegressor,0.0
0,64,poisson,15,95,0.7202397474958571,True,0.7628015270385489,42,-1,0.35138943856858323,0.37322816949569365,RandomForestRegressor,0.0
0,75,squared_error,5,64,0.5890709865897148,True,0.4672981178940138,42,-1,0.35249676346594766,0.37439596098369843,RandomForestRegressor,0.0
0,56,poisson,9,72,0.5778555529325555,True,0.24458677328751505,42,-1,0.34532777185206986,0.3667753323939167,RandomForestRegressor,0.0
0,77,friedman_mse,10,78,0.20728114770246941,True,0.7148744626377761,42,-1,0.35315302481990773,0.3750866298282176,RandomForestRegressor,0.0
0,60,friedman_mse,15,66,0.29261670509490134,True,0.3910624648086559,42,-1,0.353680768507096,0.3756412956248599,RandomForestRegressor,0.0
0,79,friedman_mse,12,67,0.7783624090870247,True,0.22089514264905025,42,-1,0.34764610314016026,0.36925617388662674,RandomForestRegressor,0.0
0,52,poisson,9,66,0.2220049663271088,True,0.30496893580555506,42,-1,0.34401327889729094,0.3653607295537742,RandomForestRegressor,0.0
0,56,friedman_mse,13,65,0.3446624790183156,True,0.6764547641966847,42,-1,0.33498027363985217,0.35515970183231393,RandomForestRegressor,0.0
0,72,friedman_mse,11,65,0.3834039051539563,True,0.7191213302759727,42,-1,0.3222441555751589,0.34004799613127207,RandomForestRegressor,0.0
0,51,poisson,9,87,0.21966981260771995,True,0.41634609672522593,42,-1,0.3511848149072697,0.3730120316806775,RandomForestRegressor,0.0
0,67,poisson,6,72,0.7616958409345105,True,0.6441685858525172,42,-1,0.3522064801286988,0.37409012296190053,RandomForestRegressor,0.0
0,56,poisson,9,77,0.6652975419807088,True,0.49580473956598126,42,-1,0.3521167956670979,0.3739955906288533,RandomForestRegressor,0.0
0,59,poisson,12,79,0.7722054074174498,True,0.27733909072246804,42,-1,0.34542691658502406,0.36688178550329037,RandomForestRegressor,0.0
0,74,squared_error,13,67,0.35126873257153135,True,0.3859448950437323,42,-1,0.35384767394117195,0.3758165793661801,RandomForestRegressor,0.0
0,69,squared_error,13,76,0.4294407857614137,True,0.7000527317023826,42,-1,0.35298641094109234,0.3749113789423995,RandomForestRegressor,0.0
0,77,poisson,12,75,0.5352133892789002,True,0.6933155476179086,42,-1,0.35376203823055163,0.37572665302569963,RandomForestRegressor,0.0
0,76,poisson,12,85,0.24999998080335278,True,0.38346562740813755,42,-1,0.35340473375495585,0.37535126141673664,RandomForestRegressor,0.0
0,51,poisson,13,73,0.5978391444338386,True,0.3611621366721276,42,-1,0.3472178067438348,0.36879913658039504,RandomForestRegressor,0.0
0,66,squared_error,13,71,0.5294928343512668,True,0.37219070394043663,42,-1,0.3533207797408831,0.3752630139483045,RandomForestRegressor,0.0
0,72,poisson,8,66,0.3214595081593121,True,0.2523118925845652,42,-1,0.3481419416495143,0.36978459174244055,RandomForestRegressor,0.0
0,71,poisson,5,80,0.2878637106270094,True,0.24850631498081116,42,-1,0.34829055764218664,0.36994282995697536,RandomForestRegressor,0.0
0,77,poisson,15,86,0.4820083031310251,True,0.7932783673866333,42,-1,0.3538123316418468,0.3757794683683052,RandomForestRegressor,0.0
0,51,friedman_mse,15,81,0.3390702911511764,True,0.42184182185466423,42,-1,0.35073219184841775,0.3725335528015174,RandomForestRegressor,0.0
0,66,friedman_mse,7,72,0.7319199864893675,True,0.2811515500017909,42,-1,0.3487954385155363,0.3704799166540253,RandomForestRegressor,0.0
0,60,poisson,11,87,0.2152903549648041,True,0.599341956176286,42,-1,0.35040901781604283,0.3721915870938371,RandomForestRegressor,0.0
0,78,squared_error,5,74,0.691305170515785,True,0.32314818226761854,42,-1,0.35155074208781684,0.373398473694318,RandomForestRegressor,0.0
0,66,squared_error,6,75,0.5680746507009807,True,0.4380455336264177,42,-1,0.3523605182956346,0.37425244107235167,RandomForestRegressor,0.0
0,57,friedman_mse,10,60,0.7060586198075571,True,0.4783243368217749,42,-1,0.35239151387925527,0.37428509566294177,RandomForestRegressor,0.0
0,55,squared_error,13,78,0.3899001125235938,True,0.6300433707063791,42,-1,0.3515631137134106,0.37341153290570006,RandomForestRegressor,0.0
0,53,friedman_mse,11,61,0.30077879829719406,True,0.24986236631877273,42,-1,0.34218313812606244,0.363380686495453,RandomForestRegressor,0.0
0,70,poisson,8,83,0.44658845392599356,True,0.7069737802783289,42,-1,0.35209106301982174,0.37396846331322703,RandomForestRegressor,0.0
0,63,friedman_mse,6,95,0.4726558821176829,True,0.3870318791340712,42,-1,0.3547011370687458,0.3767118828951397,RandomForestRegressor,0.0
0,62,poisson,11,75,0.37128576170284855,True,0.30582762952923487,42,-1,0.3497169577823457,0.37145833954137536,RandomForestRegressor,0.0
0,80,poisson,8,60,0.6584823094229493,True,0.2903180208900997,42,-1,0.35086978977250244,0.372679067697664,RandomForestRegressor,0.0
0,80,friedman_mse,5,75,0.2372860401415341,True,0.587363318785832,42,-1,0.3542408885812834,0.37622927768550274,RandomForestRegressor,0.0
0,62,poisson,15,68,0.5315395493099642,True,0.31957509558457364,42,-1,0.34999981405292363,0.3717581873531371,RandomForestRegressor,0.0
0,62,friedman_mse,14,83,0.5080669824591593,True,0.6898820740922613,42,-1,0.3522847807982969,0.37417263982807253,RandomForestRegressor,0.0
0,70,friedman_mse,11,81,0.7318654635258344,True,0.5821537826772146,42,-1,0.35311597778664955,0.37504766807959894,RandomForestRegressor,0.0
0,63,squared_error,9,80,0.55342147559755,True,0.39987350876269045,42,-1,0.35681630671701803,0.3789238133818019,RandomForestRegressor,0.0
0,73,squared_error,14,95,0.6078690373604883,True,0.47465206945176985,42,-1,0.35296640102047083,0.37489032725910754,RandomForestRegressor,0.0
0,55,poisson,14,84,0.22331051116937,True,0.2905029783091159,42,-1,0.3455589811379533,0.36702353363951373,RandomForestRegressor,0.0
0,65,friedman_mse,8,77,0.7157149414057438,True,0.7419317467085318,42,-1,0.3525535357494146,0.3744557511421718,RandomForestRegressor,0.0
0,68,friedman_mse,12,76,0.24676579105623642,True,0.7320356820033773,42,-1,0.352679450168526,0.37458833074765474,RandomForestRegressor,0.0
0,61,squared_error,11,90,0.7915876094482,True,0.7573494734409167,42,-1,0.35178911103738814,0.3736500221522374,RandomForestRegressor,0.0
0,77,poisson,15,65,0.2121242304804951,True,0.6636193612262048,42,-1,0.342821655528731,0.3638359746404767,RandomForestRegressor,0.0
0,70,squared_error,5,86,0.5341716375359262,True,0.7463692858293633,42,-1,0.3530745689434004,0.3750041152037577,RandomForestRegressor,0.0
0,71,squared_error,11,94,0.5594235954491507,True,0.7492206424258974,42,-1,0.3541087617688645,0.3760906437195259,RandomForestRegressor,0.0
0,65,squared_error,11,88,0.7749148437501865,True,0.47458138109621023,42,-1,0.353354222187168,0.37529816865927157,RandomForestRegressor,0.0
0,58,friedman_mse,9,74,0.306688106293868,True,0.5316254690091223,42,-1,0.35453722321566483,0.37654006182501415,RandomForestRegressor,0.0
0,70,friedman_mse,9,85,0.43511042736633476,True,0.7121002634698186,42,-1,0.35209106301982174,0.37396846331322703,RandomForestRegressor,0.0
0,63,friedman_mse,13,63,0.417886955717439,True,0.6763700905587954,42,-1,0.32922118596538696,0.34900625933898055,RandomForestRegressor,0.0
0,70,poisson,14,60,0.7129956751603559,True,0.7149295164424676,42,-1,0.3517418551854867,0.3518965062408717,RandomForestRegressor,0.0
0,68,friedman_mse,6,93,0.21583969648537224,True,0.5047339737799688,42,-1,0.3539510780163189,0.3759251416404893,RandomForestRegressor,0.0
0,56,poisson,13,92,0.6961665885511594,True,0.43801068656861425,42,-1,0.3519765680410874,0.3738477428432753,RandomForestRegressor,0.0
0,80,friedman_mse,9,75,0.3217955034098544,True,0.5602979874802407,42,-1,0.3537201628223461,0.37568267330676464,RandomForestRegressor,0.0
0,77,friedman_mse,14,74,0.5568372923583895,True,0.6165214644213195,42,-1,0.35343983718103755,0.37538815510973456,RandomForestRegressor,0.0
0,59,poisson,7,79,0.3509285691047552,True,0.5581634697248135,42,-1,0.3517973820796076,0.3736587479189329,RandomForestRegressor,0.0
0,73,poisson,15,76,0.44759931986360024,True,0.426984464217497,42,-1,0.354919776433119,0.37694097565400625,RandomForestRegressor,0.0
0,68,friedman_mse,7,63,0.3911210797134792,True,0.7707741257430465,42,-1,0.3213174971765899,0.33510985426892603,RandomForestRegressor,0.0
0,68,friedman_mse,6,93,0.5422269295806861,True,0.6403471513534599,42,-1,0.35306217198328543,0.3749910755656888,RandomForestRegressor,0.0
0,50,poisson,13,91,0.7332796112296807,True,0.2120204308660428,42,-1,0.3387102006140353,0.35958531671913424,RandomForestRegressor,0.0
0,72,squared_error,6,91,0.2678200776409429,True,0.5435874363826834,42,-1,0.35362231176640674,0.37557988910499035,RandomForestRegressor,0.0
0,66,squared_error,5,76,0.7150967887109916,True,0.33203801053263526,42,-1,0.35192905592122004,0.3737976376879818,RandomForestRegressor,0.0
0,71,squared_error,6,90,0.6416073167459633,True,0.5521433722132918,42,-1,0.3539303765827798,0.37590340952090323,RandomForestRegressor,0.0
0,58,squared_error,14,65,0.6606837653787767,True,0.5626145591932301,42,-1,0.35327640936807614,0.37521636770316663,RandomForestRegressor,0.0
0,78,friedman_mse,13,76,0.38751339158067755,True,0.28871042772387717,42,-1,0.3514394984178395,0.3732810297977372,RandomForestRegressor,0.0
0,72,squared_error,8,80,0.7774046418476817,True,0.7616657146816048,42,-1,0.35297430779648775,0.3748986457952045,RandomForestRegressor,0.0
0,73,friedman_mse,8,79,0.38685599550792726,True,0.41157727608006767,42,-1,0.35621342146985024,0.3782943247997771,RandomForestRegressor,0.0
0,73,poisson,14,71,0.5388834215758174,True,0.46322365327946863,42,-1,0.3526804014489478,0.37458933223626795,RandomForestRegressor,0.0
0,70,squared_error,10,95,0.21032821135222052,True,0.7935569914520317,42,-1,0.35275177224434684,0.3746644636772827,RandomForestRegressor,0.0
0,74,squared_error,15,81,0.28375898699101265,True,0.3648972271287332,42,-1,0.3528306587334715,0.37474749244453753,RandomForestRegressor,0.0
0,68,squared_error,9,81,0.5846123998730051,True,0.35837110494679647,42,-1,0.3522677467602752,0.3741546898638706,RandomForestRegressor,0.0
0,53,friedman_mse,12,90,0.22185685983278036,True,0.22691978179886554,42,-1,0.34123556691962326,0.36235033121532806,RandomForestRegressor,0.0
0,70,friedman_mse,13,76,0.426846614832024,True,0.5328500558046589,42,-1,0.35374711244917206,0.3757109776671909,RandomForestRegressor,0.0
0,54,friedman_mse,10,83,0.327919762148612,True,0.4343831881769686,42,-1,0.35188586549595496,0.37375208517127606,RandomForestRegressor,0.0
0,61,poisson,13,86,0.7425083401496113,True,0.32573300776683856,42,-1,0.3510354825374475,0.37285422796889706,RandomForestRegressor,0.0
0,68,poisson,14,84,0.6687536341341023,True,0.21361543609540046,42,-1,0.3475414326360269,0.36914453122975555,RandomForestRegressor,0.0
0,58,friedman_mse,6,80,0.7154350913811904,True,0.7917482150985666,42,-1,0.3520712290839007,0.37394755328274437,RandomForestRegressor,0.0
0,77,friedman_mse,12,85,0.3120106472077877,True,0.6643275266600969,42,-1,0.354061041458944,0.37604056337008673,RandomForestRegressor,0.0
0,66,squared_error,13,73,0.3464475255188253,True,0.43636590783951257,42,-1,0.35413017395670576,0.3761131131603148,RandomForestRegressor,0.0
0,74,squared_error,13,60,0.32564057114691614,True,0.4031845279895496,42,-1,0.3558414824788345,0.3779055907691835,RandomForestRegressor,0.0
0,52,friedman_mse,14,63,0.3576070218363424,True,0.29184645129430187,42,-1,0.34517670577554793,0.3666130665054704,RandomForestRegressor,0.0
0,57,squared_error,12,93,0.38476578694696795,True,0.7745012969210088,42,-1,0.3507686655300013,0.3725721299289779,RandomForestRegressor,0.0
0,51,friedman_mse,13,71,0.25617808805465647,True,0.6826480274646397,42,-1,0.3501137663075831,0.37187892306270515,RandomForestRegressor,0.0
0,69,poisson,9,61,0.6257388874933096,True,0.4148272774341475,42,-1,0.3562664677614913,0.3783497424609244,RandomForestRegressor,0.0
0,50,squared_error,7,72,0.6336983820916392,True,0.49744797308817423,42,-1,0.34898971401190476,0.3706863884891257,RandomForestRegressor,0.0
0,64,friedman_mse,10,78,0.2893897409275583,True,0.27731912778876855,42,-1,0.3497698146416805,0.37151438828073646,RandomForestRegressor,0.0
0,80,squared_error,6,94,0.6729854521353067,True,0.3686279907205726,42,-1,0.3523398029982698,0.3742306156890538,RandomForestRegressor,0.0
0,69,friedman_mse,5,82,0.24763581082641123,True,0.22101945461568093,42,-1,0.34652431540377204,0.3680579000274321,RandomForestRegressor,0.0
0,75,squared_error,12,89,0.473687075325885,True,0.4728472796124424,42,-1,0.35294653508140633,0.374869426100535,RandomForestRegressor,0.0
0,73,poisson,6,68,0.6150567498480881,True,0.41874075049501674,42,-1,0.35575703358474564,0.3778172873339299,RandomForestRegressor,0.0
0,80,friedman_mse,13,69,0.40911978332121723,True,0.6911001642844808,42,-1,0.3518266155148831,0.37368958716318207,RandomForestRegressor,0.0
0,65,poisson,12,69,0.7124968611690237,True,0.6863866014207842,42,-1,0.35258109635408164,0.3744847739562244,RandomForestRegressor,0.0
0,60,friedman_mse,13,93,0.5725673356393947,True,0.21866512308890032,42,-1,0.3456034322932664,0.3670712309973421,RandomForestRegressor,0.0
0,79,friedman_mse,8,72,0.5622209888712171,True,0.5948296195338394,42,-1,0.35390350792357894,0.37587520164210664,RandomForestRegressor,0.0
0,66,squared_error,5,69,0.3207260387161438,True,0.280827141310167,42,-1,0.3487954385155363,0.3704799166540253,RandomForestRegressor,0.0
0,67,poisson,13,74,0.3305399262717676,True,0.4998092595994618,42,-1,0.35193109486416346,0.37379978802520064,RandomForestRegressor,0.0
0,63,squared_error,10,81,0.7030306632223038,True,0.615363430679557,42,-1,0.35199993669812935,0.3738723847988516,RandomForestRegressor,0.0
0,51,poisson,5,63,0.6138721615265001,True,0.6683005575974486,42,-1,0.3370565746892159,0.35771026021000996,RandomForestRegressor,0.0
0,50,friedman_mse,5,92,0.7883595089027604,True,0.5169519249321322,42,-1,0.3511576717912573,0.37298335309467096,RandomForestRegressor,0.0
0,59,poisson,10,71,0.40146187742442785,True,0.5138425678389522,42,-1,0.3539123229426465,0.3758844562140372,RandomForestRegressor,0.0
0,74,squared_error,7,68,0.7652847436962091,True,0.7684966461465577,42,-1,0.3166296004176371,0.33413279779360067,RandomForestRegressor,0.0
0,73,poisson,9,79,0.46167398455072595,True,0.709297302337976,42,-1,0.35290145710791265,0.3748219955761186,RandomForestRegressor,0.0
0,55,squared_error,15,87,0.7436522139046711,True,0.557625875044808,42,-1,0.35170301814198374,0.3735591857799822,RandomForestRegressor,0.0
0,75,poisson,9,79,0.5849318147742847,True,0.25172071502720106,42,-1,0.3477213683396521,0.3693364319966282,RandomForestRegressor,0.0
0,63,friedman_mse,11,80,0.5191035853167141,True,0.5958923369613387,42,-1,0.35128877269472847,0.373121852661291,RandomForestRegressor,0.0
0,74,squared_error,11,84,0.6351044119610842,True,0.7620698208721097,42,-1,0.3531927313202929,0.3751283848562935,RandomForestRegressor,0.0
0,65,friedman_mse,12,72,0.20030801146820387,True,0.6645762442050829,42,-1,0.352599838424194,0.37450450931370866,RandomForestRegressor,0.0
0,67,poisson,12,95,0.5100302318534451,True,0.3411763244685614,42,-1,0.35116413815387715,0.37299018542892565,RandomForestRegressor,0.0
0,65,squared_error,13,83,0.42015971298896776,True,0.33943482735432073,42,-1,0.35326506047228007,0.37520443594211106,RandomForestRegressor,0.0
0,69,friedman_mse,8,86,0.2367536494046668,True,0.4397385483028789,42,-1,0.353411325967984,0.37535819005312177,RandomForestRegressor,0.0
0,68,friedman_mse,8,85,0.24702966606658405,True,0.39478704566492884,42,-1,0.355210543127105,0.3772454796031726,RandomForestRegressor,0.0
0,71,friedman_mse,8,82,0.6123104081955368,True,0.6670180079613596,42,-1,0.35410154127264004,0.3760830664650361,RandomForestRegressor,0.0
0,52,squared_error,12,84,0.35261985322528044,True,0.3857571650554146,42,-1,0.3508757496922926,0.37268536940781877,RandomForestRegressor,0.0
0,53,poisson,11,86,0.5548100611560376,True,0.6673879637173303,42,-1,0.35102121813328746,0.3728391513354738,RandomForestRegressor,0.0
0,72,poisson,15,92,0.3623099764485266,True,0.5094051115489152,42,-1,0.35375877556621316,0.3757232265537305,RandomForestRegressor,0.0
0,68,poisson,12,60,0.6875951608231017,True,0.520733918370673,42,-1,0.3545721018686105,0.37657662809635306,RandomForestRegressor,0.0
0,52,friedman_mse,7,67,0.3762982128339877,True,0.5656076823270603,42,-1,0.35130627754508253,0.37314034203509444,RandomForestRegressor,0.0
0,61,squared_error,9,91,0.5019423308712376,True,0.3744497756345886,42,-1,0.3535412981733571,0.3754947742556211,RandomForestRegressor,0.0
0,64,squared_error,14,74,0.22323549498029516,True,0.32658561556291266,42,-1,0.3531135883191839,0.37504515500380897,RandomForestRegressor,0.0
0,64,poisson,9,64,0.6378796306870271,True,0.24948598602679556,42,-1,0.35057329968903944,0.37236545622024475,RandomForestRegressor,0.0
0,59,squared_error,9,74,0.475741979461598,True,0.49252053187758243,42,-1,0.3515475880253468,0.37339514427403414,RandomForestRegressor,0.0
0,64,poisson,13,95,0.2737584508099886,True,0.6730796474515663,42,-1,0.35275111780370666,0.3746637748092927,RandomForestRegressor,0.0
0,56,poisson,13,77,0.7330156082996555,True,0.44021477409512244,42,-1,0.3519765680410874,0.3738477428432753,RandomForestRegressor,0.0
0,68,friedman_mse,13,91,0.7048847375545211,True,0.3667549761660267,42,-1,0.35243671759316886,0.3743327146181298,RandomForestRegressor,0.0
0,55,friedman_mse,5,66,0.4262471490894156,True,0.32511738560872544,42,-1,0.345915341495176,0.36740573350377714,RandomForestRegressor,0.0
0,67,friedman_mse,8,60,0.22655182049949804,True,0.23592641410534143,42,-1,0.3447614948577765,0.3661666693483118,RandomForestRegressor,0.0
0,69,poisson,15,77,0.7029249473054149,True,0.6912238597416477,42,-1,0.3531617461068835,0.37509580138398735,RandomForestRegressor,0.0
0,52,poisson,6,77,0.40714267436827645,True,0.35313341691533695,42,-1,0.3473663973768117,0.3689577621214598,RandomForestRegressor,0.0
0,78,poisson,12,74,0.3389138937184678,True,0.4679204885331217,42,-1,0.3531135883191839,0.37504515500380886,RandomForestRegressor,0.0
0,76,poisson,15,71,0.6522603843220123,True,0.419257782355626,42,-1,0.3551903824095363,0.3772243724188754,RandomForestRegressor,0.0
0,78,friedman_mse,14,60,0.2640943407414532,True,0.6510156769143955,42,-1,0.3153281951286628,0.3331580377071122,RandomForestRegressor,0.0
0,69,poisson,9,63,0.43573855194452993,True,0.5964807214546705,42,-1,0.35210939834177163,0.3739877925493541,RandomForestRegressor,0.0
0,76,squared_error,15,87,0.400447330037227,True,0.6225626439646168,42,-1,0.35356698225086125,0.37552176023907075,RandomForestRegressor,0.0
0,65,squared_error,13,73,0.4509682280192152,True,0.42552855643241816,42,-1,0.35566076802009305,0.3777166091363049,RandomForestRegressor,0.0
0,60,friedman_mse,14,78,0.4174815353644955,True,0.5411919087227994,42,-1,0.3529498158169332,0.37487287786156653,RandomForestRegressor,0.0
0,50,squared_error,15,80,0.2215966640840022,True,0.40849872366067963,42,-1,0.35068814587319136,0.3724869619995335,RandomForestRegressor,0.0
0,66,poisson,5,72,0.22497407257522764,True,0.2671101394691935,42,-1,0.3487760671450441,0.37045932323927605,RandomForestRegressor,0.0
0,61,squared_error,7,68,0.7891431592230913,True,0.698673682994457,42,-1,0.34682868271715944,0.3683834086338887,RandomForestRegressor,0.0
0,71,poisson,10,73,0.7106659933616248,True,0.7419282124412403,42,-1,0.3538164794974812,0.3757838239528949,RandomForestRegressor,0.0
0,57,squared_error,10,93,0.5057641580200887,True,0.5075191682665946,42,-1,0.3534287921426263,0.3753765470905553,RandomForestRegressor,0.0
0,66,poisson,9,86,0.2741054247843199,True,0.7482905919451366,42,-1,0.3524618602536841,0.374359198479963,RandomForestRegressor,0.0
0,73,friedman_mse,9,72,0.5918085405045692,True,0.6508219446627268,42,-1,0.35337859864554777,0.37532379153166673,RandomForestRegressor,0.0
0,60,squared_error,14,80,0.4588595681148108,True,0.7498304261227187,42,-1,0.3513993610587582,0.3732386475818078,RandomForestRegressor,0.0
0,79,friedman_mse,12,93,0.34654088606860534,True,0.22538903013847966,42,-1,0.34764610314016026,0.36925617388662674,RandomForestRegressor,0.0
0,73,squared_error,13,75,0.40336811271705864,True,0.3935081075746665,42,-1,0.3557592213754974,0.37781957517666004,RandomForestRegressor,0.0
0,62,friedman_mse,8,89,0.6569684434653522,True,0.3070982877946127,42,-1,0.3497169577823457,0.37145833954137536,RandomForestRegressor,0.0
0,64,poisson,9,65,0.48030923282845467,True,0.6110106891051011,42,-1,0.35261371653484747,0.37451912238005913,RandomForestRegressor,0.0
0,56,squared_error,13,78,0.6214777335024029,True,0.49875805588386973,42,-1,0.35282133806344806,0.3747376831374106,RandomForestRegressor,0.0
0,63,poisson,11,65,0.3579524065736779,True,0.25880774671982276,42,-1,0.3491060010942235,0.37080992435478316,RandomForestRegressor,0.0
0,78,squared_error,10,93,0.3146686769954218,True,0.6108506194426276,42,-1,0.354088920012305,0.37606982131174,RandomForestRegressor,0.0
0,50,squared_error,15,86,0.7542970663700468,True,0.546787791126725,42,-1,0.3494239762608605,0.37114752530118,RandomForestRegressor,0.0
0,66,poisson,14,80,0.4580520130404137,True,0.6564414283297073,42,-1,0.3521038741481055,0.37398196899050956,RandomForestRegressor,0.0
0,80,poisson,8,64,0.5461560490242552,True,0.7077900752697812,42,-1,0.31764282162316243,0.33406317493410403,RandomForestRegressor,0.0
0,64,poisson,15,77,0.606042153395334,True,0.2972056003740057,42,-1,0.35266341694493253,0.3745714509655885,RandomForestRegressor,0.0
0,64,friedman_mse,10,67,0.3831979721872928,True,0.4607375363248264,42,-1,0.3544210689715554,0.376418267575122,RandomForestRegressor,0.0
0,69,friedman_mse,11,77,0.2871405628073237,True,0.38442727267512133,42,-1,0.35396843405257855,0.37594336103809656,RandomForestRegressor,0.0
0,57,squared_error,14,66,0.462196019447095,True,0.2200082623717592,42,-1,0.34519910291237277,0.36663712903745077,RandomForestRegressor,0.0
0,61,poisson,15,62,0.32220931545416115,True,0.30444446304752065,42,-1,0.34972701052033806,0.37146899992997506,RandomForestRegressor,0.0
0,66,poisson,9,75,0.6291439142353052,True,0.2567762785010293,42,-1,0.34859569588783995,0.3702675212567001,RandomForestRegressor,0.0
0,78,squared_error,11,64,0.7306983230451976,True,0.7830044000783789,42,-1,0.3213181835296204,0.3326842454191504,RandomForestRegressor,0.0
0,74,friedman_mse,12,78,0.2921183554426132,True,0.5935761452480666,42,-1,0.353885760969324,0.375856569206205,RandomForestRegressor,0.0
0,77,friedman_mse,12,92,0.31356147787279587,True,0.5517839276177459,42,-1,0.35376203823055163,0.37572665302569963,RandomForestRegressor,0.0
0,55,poisson,11,94,0.601787119518546,True,0.5840635141995209,42,-1,0.35243394718876153,0.37432979633520336,RandomForestRegressor,0.0
0,77,squared_error,15,69,0.4563531231171166,True,0.5466942720098373,42,-1,0.35376203823055163,0.37572665302569963,RandomForestRegressor,0.0
0,61,squared_error,7,63,0.5707094573627749,True,0.3103038165548744,42,-1,0.34972701052033806,0.37146899992997506,RandomForestRegressor,0.0
0,51,poisson,14,80,0.49936627983293225,True,0.5549095959333381,42,-1,0.3493105872087287,0.37102717040106575,RandomForestRegressor,0.0
0,71,friedman_mse,14,94,0.5645795506291449,True,0.5525502356539097,42,-1,0.3539303765827798,0.37590340952090323,RandomForestRegressor,0.0
0,52,friedman_mse,15,79,0.6839200650574684,True,0.5487989426659892,42,-1,0.35085317637365704,0.37266150105866175,RandomForestRegressor,0.0
0,63,poisson,15,72,0.6377544308402772,True,0.28131316970538434,42,-1,0.34943260307229473,0.3711566806105773,RandomForestRegressor,0.0
0,79,friedman_mse,12,63,0.3566635494970418,True,0.3265744791113271,42,-1,0.35082295436037275,0.372629543112705,RandomForestRegressor,0.0
0,79,friedman_mse,9,60,0.41060896508424494,True,0.7409810690314163,42,-1,0.3286271876760365,0.34084808012429474,RandomForestRegressor,0.0
0,78,squared_error,9,73,0.25171264900755397,True,0.4364772982716336,42,-1,0.3542460962217169,0.37623474098000187,RandomForestRegressor,0.0
0,68,poisson,15,72,0.6191297683658968,True,0.21699033872687976,42,-1,0.3475414326360269,0.36914453122975555,RandomForestRegressor,0.0
0,60,friedman_mse,5,72,0.414975473026072,True,0.5762432791968641,42,-1,0.3520221551897051,0.37389581265145216,RandomForestRegressor,0.0
0,75,friedman_mse,15,62,0.5555639522349486,True,0.26555065852001586,42,-1,0.3491060010942235,0.37080992435478316,RandomForestRegressor,0.0
0,57,poisson,6,81,0.7434742424962415,True,0.43768562925579857,42,-1,0.35192539322813793,0.3737937748635013,RandomForestRegressor,0.0
0,50,friedman_mse,6,81,0.7438196951647909,True,0.41057582394080117,42,-1,0.35068814587319136,0.3724869619995335,RandomForestRegressor,0.0
0,67,poisson,7,91,0.23167725271607764,True,0.7062597480924904,42,-1,0.35159397514229795,0.3734441078394471,RandomForestRegressor,0.0
0,53,squared_error,10,87,0.5868404643497511,True,0.4328009445352865,42,-1,0.3512871686488291,0.37312015835968204,RandomForestRegressor,0.0
0,50,poisson,7,60,0.375467006529577,True,0.35944642777523633,42,-1,0.3459226108208638,0.3674135255486445,RandomForestRegressor,0.0
0,72,friedman_mse,7,92,0.2367662924875875,True,0.5006469706930243,42,-1,0.35315913138939,0.3750930516910595,RandomForestRegressor,0.0
0,62,friedman_mse,11,64,0.5449309555057995,True,0.2651111180708877,42,-1,0.34893022697829557,0.3706231784205301,RandomForestRegressor,0.0
0,65,friedman_mse,7,87,0.2602828104000239,True,0.4313551806726979,42,-1,0.35508815468573895,0.37711733171638573,RandomForestRegressor,0.0
0,64,friedman_mse,15,71,0.565891668249785,True,0.45680650553613755,42,-1,0.3544210689715554,0.376418267575122,RandomForestRegressor,0.0
0,68,poisson,12,62,0.4539307328863689,True,0.673528933672567,42,-1,0.32768184102743714,0.3464832876573663,RandomForestRegressor,0.0
0,67,poisson,14,65,0.6477547485042874,True,0.3767456739404545,42,-1,0.3520507929859034,0.373926007392626,RandomForestRegressor,0.0
0,67,squared_error,13,92,0.26212611123192214,True,0.4244343568273103,42,-1,0.35382916086954896,0.37579714017335825,RandomForestRegressor,0.0
0,61,poisson,14,77,0.49321071259716004,True,0.7293693067351221,42,-1,0.3520164372452455,0.37388978359512226,RandomForestRegressor,0.0
0,74,squared_error,11,60,0.7191753626192452,True,0.6913781324500573,42,-1,0.3027870482272081,0.31259657638405913,RandomForestRegressor,0.0
0,80,friedman_mse,6,93,0.44128617391879227,True,0.31652013227286246,42,-1,0.3499137464787401,0.37166697280646444,RandomForestRegressor,0.0
0,57,friedman_mse,14,87,0.7477622246869398,True,0.7348595740195456,42,-1,0.3515774364235025,0.3734266511508205,RandomForestRegressor,0.0
0,80,friedman_mse,5,83,0.46638193473974665,True,0.561938933953432,42,-1,0.3537201628223461,0.37568267330676447,RandomForestRegressor,0.0
0,51,poisson,15,74,0.38125680608211115,True,0.4676021309983721,42,-1,0.348861889313326,0.3705505513079503,RandomForestRegressor,0.0
0,54,squared_error,6,91,0.79116334756134,True,0.6942823178519472,42,-1,0.35187658596659865,0.37374229753082505,RandomForestRegressor,0.0
0,50,squared_error,5,68,0.6450131197258935,True,0.468253464193449,42,-1,0.3483612945174264,0.3700181238666504,RandomForestRegressor,0.0
0,76,friedman_mse,9,88,0.23266954696361994,True,0.25314210661440734,42,-1,0.34819239769163435,0.36983832190435656,RandomForestRegressor,0.0
0,76,friedman_mse,15,74,0.3060068471110891,True,0.6488018293612998,42,-1,0.3535149852654756,0.37546712595908555,RandomForestRegressor,0.0
0,69,friedman_mse,11,83,0.6270670548318251,True,0.7413121532510623,42,-1,0.3530606959032215,0.3749895229387759,RandomForestRegressor,0.0
0,61,squared_error,11,93,0.23618330607707466,True,0.20348858408187842,42,-1,0.3486304520848979,0.3703044873911279,RandomForestRegressor,0.0
0,64,friedman_mse,10,84,0.2322065756270829,True,0.792778352308068,42,-1,0.3520261711318756,0.37390004705110236,RandomForestRegressor,0.0
0,58,poisson,11,62,0.45292549362439594,True,0.3346219084395857,42,-1,0.34910600109422346,0.3708099243547831,RandomForestRegressor,0.0
0,57,poisson,14,70,0.7218023845908377,True,0.744657707097159,42,-1,0.34586342399489756,0.36732566084616886,RandomForestRegressor,0.0
0,54,poisson,15,92,0.7605482548212172,True,0.7669072046011114,42,-1,0.350737892278658,0.3725395822084834,RandomForestRegressor,0.0
0,56,squared_error,7,95,0.4334557685050317,True,0.20022355420614724,42,-1,0.34456389544073623,0.365954018083424,RandomForestRegressor,0.0
0,52,friedman_mse,12,80,0.41513210010827434,True,0.6616289748332642,42,-1,0.35099654392279456,0.37281307089746807,RandomForestRegressor,0.0
0,56,friedman_mse,8,66,0.7759020644407584,True,0.2569831244276674,42,-1,0.3448012224718201,0.3662094066799341,RandomForestRegressor,0.0
0,57,friedman_mse,5,83,0.5925052999794491,True,0.6043607089762626,42,-1,0.35174732460482777,0.37360593574682943,RandomForestRegressor,0.0
