period,channel,campaign_id,adset_id,ad_id,ret_orders,orders,users,atc_users,ic_users,impressions,clicks
2024-04-09,Facebook,120203630506630592,120203630506660592,120206151462140592,,,,,,28.0,
2024-04-07,Facebook,120203630506630592,120203630506660592,120203631867950592,2.0,11.0,344.0,69.0,45.0,47932.0,378.0
2024-04-02,Facebook,23859030790840682,23861920362640682,120204835050310683,,,,,,1.0,
2024-04-01,Facebook,120203630506630592,120203630506660592,120206151462140592,,,,,,124.0,
2024-04-11,Facebook,23859030790840682,23859030790930682,120204834856250683,,,,,,4.0,
2024-04-09,Facebook,23859030790840682,23859030790930682,120204834856250683,,,,,,5.0,
2024-04-11,Facebook,23859030790840682,23859030790930682,120204835491340683,,,,,,13.0,
2024-04-05,Facebook,23859030790840682,120201741802920683,120201741802950683,2.0,1.0,5.0,2.0,2.0,96.0,3.0
2024-04-05,Facebook,120203630506630592,120203630506660592,120206151462140592,,,,,,18.0,
2024-04-07,Facebook,120203630506630592,120203630506660592,120206151462140592,,,,,,17.0,
2024-04-04,Facebook,23859030790840682,23859030790930682,120204834856250683,,,,,,2.0,
2024-04-02,Facebook,23859030790840682,120201741802920683,120201741802950683,,,,,,20.0,4.0
2024-04-03,Facebook,23859030790840682,23859030790930682,120204835491340683,,,,,,5.0,
2024-04-03,Facebook,23859030790840682,23861920362640682,120202376221700683,,,,,,549.0,19.0
2024-04-05,Facebook,23859030790840682,120201741802920683,120208097717820683,,,,,,1461.0,29.0
2024-04-03,Facebook,23859030790840682,120201741802920683,120208097717820683,,,,,,148.0,4.0
2024-04-08,Facebook,120203630506630592,120203630506660592,120203631867950592,1.0,15.0,346.0,70.0,41.0,52229.0,374.0
2024-04-03,Facebook,23859030790840682,23859030790930682,120200811888030683,,,,,,43.0,3.0
2024-04-10,Facebook,120208510961980036,120208510961940036,120208511814890036,,,,,,1.0,
2024-04-10,Facebook,23859030790840682,23859030790930682,120200811888030683,,,,,,4.0,
2024-04-03,Facebook,120207598978660683,120207598978710683,120207604702090683,0.0,1.0,181.0,14.0,14.0,3608.0,179.0
2024-04-04,Facebook,120208510961980036,120208510961940036,120208511470700036,,,,,,5.0,
2024-04-04,Facebook,120207664117560341,120207664117550341,120207664290510341,,,,,,10.0,
2024-04-02,Facebook,120207598978660683,120207606352730683,120207607083820683,,,,,,19.0,
2024-04-07,Facebook,120203630506630592,120203630506660592,120206151429770592,,,,,,10.0,
2024-04-05,Facebook,23859030790840682,23859030790930682,120201172469810683,0.0,1.0,36.0,2.0,2.0,1028.0,34.0
2024-04-05,Facebook,23859030790840682,23859030790930682,120203517591390683,,,,,,7.0,
2024-04-07,Facebook,23859030790840682,23859030790930682,120200580263050683,,,,,,6.0,
2024-04-03,Facebook,23859030790840682,23859030790930682,120200580263050683,,,,,,3.0,1.0
2024-04-04,Facebook,120203630506630592,120203630506660592,120207033238140592,,,,,,208.0,
2024-04-06,Facebook,120207598978660683,120207598978710683,120207605469700683,,,,,,2364.0,79.0
2024-04-01,Facebook,120203630506630592,120203630506660592,120207033209930592,,,,,,266.0,
2024-04-01,Facebook,23859030790840682,120201741802920683,120201979117570683,,,,,,5.0,
2024-04-07,Facebook,120207598978660683,120207606352730683,120207606615130683,,,,,,24.0,
2024-04-09,Facebook,23859030790840682,120201741802920683,120201979117570683,,,,,,18.0,
2024-04-02,Facebook,23859030790840682,23859030790930682,120204834856250683,,,,,,2.0,
2024-04-04,Facebook,23859030790840682,120201741802920683,120201741802950683,,,,,,56.0,3.0
2024-04-05,Facebook,120207598978660683,120207598978710683,120207658328380683,,,,,,5.0,
2024-04-09,Facebook,120208510961980036,120208510961940036,120208510961990036,,,,,,4.0,
2024-04-01,Facebook,120203630506630592,120203630506660592,120207347910290592,,,,,,14.0,
2024-04-06,Facebook,23859030790840682,120201741802920683,120208097327310683,,,,,,560.0,13.0
2024-04-01,Facebook,23859030790840682,23861920362640682,120202284614640683,,,,,,158.0,7.0
2024-04-01,Facebook,23859030790840682,23861920362640682,23861920362580682,,,,,,4.0,
2024-04-02,Facebook,23859030790840682,120201741802920683,120208097717820683,0.0,0.0,79.0,4.0,4.0,3680.0,95.0
2024-04-07,Facebook,120207598978660683,120207598978710683,120207658328380683,,,,,,3.0,
2024-04-04,Facebook,23859030790840682,23861920362640682,23861920362630682,,,,,,12.0,
2024-04-07,Facebook,23859030790840682,120201741802920683,120208097717820683,0.0,1.0,45.0,4.0,4.0,2331.0,50.0
2024-04-02,Facebook,23859030790840682,23861920362640682,120203517566840683,,,,,,4.0,
2024-04-07,Facebook,23859030790840682,120201741802920683,120204834625390683,,,,,,6.0,
2024-04-07,Facebook,23859030790840682,120201741802920683,120201741802960683,,,,,,10.0,
2024-04-09,Facebook,120207598978660683,120207606352730683,120207607083820683,,,,,,73.0,2.0
2024-04-07,Facebook,120208510961980036,120208510961940036,120208511470700036,,,,,,3.0,
2024-04-10,Facebook,120203630506630592,120203630506660592,120207033230670592,,,,,,5.0,
2024-04-06,Facebook,120207664117560341,120207664117550341,120207664184850341,,,,,,1.0,
2024-04-06,Facebook,120207598978660683,120207598978710683,120207605469690683,,,,,,8.0,
2024-04-09,Facebook,23859030790840682,120201741802920683,120201741802970683,,,,,,1.0,
2024-04-03,Facebook,120207664117560341,120207664117550341,120207664117570341,,,,,,10.0,
2024-04-04,Facebook,120207598978660683,120207598978710683,120208776602150683,,,,,,256.0,7.0
2024-04-08,Facebook,120207598978660683,120207598978710683,120207605469710683,,,,,,3.0,
2024-04-05,Facebook,23859030790840682,23859030790930682,120204834856260683,,,,,,44.0,
2024-04-11,Facebook,120203630506630592,120203630506660592,120206151447830592,,,,,,99.0,
2024-04-10,Facebook,120207598978660683,120207606352730683,120207606615140683,,,,,,967.0,22.0
2024-04-04,Facebook,23859030790840682,23859030790930682,120203517591390683,,,,,,49.0,2.0
2024-04-08,Facebook,23859030790840682,23859030790930682,120203517591390683,,,,,,8.0,
2024-04-08,Facebook,23859030790840682,23859030790930682,120201172469810683,,,,,,625.0,18.0
2024-04-03,Facebook,120207664117560341,120207664117550341,120207664184850341,,,,,,5.0,
2024-04-02,Facebook,120207598978660683,120207598978710683,120207660608920683,,,,,,18.0,
2024-04-07,Facebook,120203630506630592,120203630506660592,120207347892420592,,,,,,788.0,3.0
2024-04-01,Facebook,23859030790840682,23859030790930682,120204834856240683,,,,,,6.0,
2024-04-07,Facebook,120203630506630592,120203630506660592,120207347898770592,,,,,,2.0,
2024-04-10,Facebook,23859030790840682,120201741802920683,120201741802960683,,,,,,10.0,
2024-04-07,Facebook,23859030790840682,23859030790930682,120201172469810683,0.0,1.0,32.0,2.0,2.0,909.0,37.0
2024-04-10,Facebook,23859030790840682,120201741802920683,120201979117570683,,,,,,22.0,1.0
2024-04-04,Facebook,23859030790840682,23859030790930682,120204834856230683,,,,,,3.0,
2024-04-07,Facebook,120208510961980036,120208510961940036,120208511814890036,,,,,,2.0,
2024-04-05,Facebook,120208510961980036,120208510961940036,120208510961990036,,,,,,2.0,
2024-04-10,Facebook,120208510961980036,120208510961940036,120208511470700036,,,,,,1.0,
2024-04-05,Facebook,120207664117560341,120207664117550341,120207664290510341,,,,,,1.0,
2024-04-06,Facebook,120203630506630592,120203630506660592,120203630506670592,,,,,,290.0,2.0
2024-04-01,Facebook,120207598978660683,120207598978710683,120208097259250683,,,,,,241.0,8.0
2024-04-03,Facebook,23859030790840682,120201741802920683,120201741802970683,,,,,,6.0,1.0
2024-04-10,Facebook,120207598978660683,120207598978710683,120207660608900683,,,,,,2.0,
2024-04-01,Facebook,120207598978660683,120207598978710683,120207605469710683,,,,,,9.0,
2024-04-09,Facebook,120207598978660683,120207598978710683,120207605469710683,,,,,,16.0,
2024-04-05,Facebook,23859030790840682,120201741802920683,120202284364790683,0.0,1.0,26.0,1.0,1.0,1271.0,32.0
2024-04-09,Facebook,23859030790840682,120201741802920683,120203517272330683,,,,,,37.0,
2024-04-05,Facebook,23859030790840682,120201741802920683,120204834625390683,,,,,,16.0,
2024-04-07,Facebook,23859030790840682,23859030790930682,120203517591390683,,,,,,37.0,2.0
2024-04-03,Facebook,23859030790840682,23859030790930682,120201172469810683,,,,,,1630.0,51.0
2024-04-02,Facebook,23859030790840682,23859030790930682,120203517591390683,,,,,,5.0,
2024-04-10,Facebook,120207598978660683,120207606352730683,120207606352940683,,,,,,217.0,3.0
2024-04-04,Facebook,120207598978660683,120207606352730683,120207606615140683,0.0,1.0,18.0,3.0,3.0,1111.0,25.0
2024-04-11,Facebook,23859030790840682,23859030790930682,120201038371050683,,,,,,24.0,
2024-04-10,Facebook,120203630506630592,120203630506660592,120206151447830592,,,,,,54.0,
2024-04-08,Facebook,23859030790840682,23859030790930682,23859030790890682,,,,,,250.0,3.0
2024-04-01,Facebook,120203630506630592,120203630506660592,120206151458400592,,,,,,174.0,2.0
2024-04-01,Facebook,120203630506630592,120203630506660592,120206151429770592,,,,,,71.0,
2024-04-09,Facebook,120203630506630592,120203630506660592,120206151429770592,,,,,,31.0,
2024-04-03,Facebook,120203630506630592,120203630506660592,120206151469040592,,,,,,132.0,2.0
2024-04-03,Facebook,23859030790840682,23861920362640682,23861920362630682,,,,,,34.0,
2024-04-04,Facebook,120207598978660683,120207598978710683,120207658328380683,,,,,,5.0,
2024-04-03,Facebook,23859030790840682,23859030790930682,120204835491350683,,,,,,2.0,
2024-04-02,Facebook,23859030790840682,23861920362640682,120204834707940683,,,,,,3.0,
2024-04-07,Facebook,23859030790840682,23859030790930682,120204835491350683,,,,,,7.0,
2024-04-08,Facebook,120207598978660683,120207606352730683,120207607083830683,,,,,,23.0,
2024-04-10,Facebook,120203630506630592,120203630506660592,120207033238140592,,,,,,288.0,1.0
2024-04-07,Facebook,120203630506630592,120203630506660592,120207033224060592,,,,,,30.0,
2024-04-05,Facebook,120207598978660683,120207598978710683,120207605469700683,,,,,,2129.0,83.0
2024-04-05,Facebook,120207598978660683,120207606352730683,120207606615100683,,,,,,164.0,2.0
2024-04-02,Facebook,23859030790840682,23859030790930682,120204834856230683,,,,,,1.0,
2024-04-06,Facebook,23859030790840682,23859030790930682,120202376294300683,,,,,,155.0,5.0
2024-04-02,Facebook,120207598978660683,120207606352730683,120207606615110683,,,,,,231.0,7.0
2024-04-09,Facebook,120207598978660683,120207598978710683,120208776602150683,,,,,,28.0,1.0
2024-04-02,Facebook,23859030790840682,120201741802920683,120202284364790683,,,,,,2533.0,62.0
2024-04-06,Facebook,120207598978660683,120207598978710683,120208776023920683,,,,,,1.0,
2024-04-06,Facebook,120207598978660683,120207598978710683,120208776940630683,,,,,,42.0,1.0
2024-04-06,Facebook,120207598978660683,120207606352730683,120207606615120683,0.0,1.0,3.0,1.0,1.0,637.0,2.0
2024-04-08,Facebook,120207598978660683,120207606352730683,120207606615140683,,,,,,1840.0,46.0
2024-04-04,Facebook,23859030790840682,23859030790930682,23859030790890682,,,,,,529.0,13.0
2024-04-02,Facebook,23859030790840682,23859030790930682,23859030790890682,,,,,,511.0,16.0
2024-04-07,Facebook,23859030790840682,23859030790930682,120201979124270683,,,,,,18.0,
2024-04-08,Facebook,23859030790840682,120201741802920683,120208097717820683,,,,,,294.0,7.0
2024-04-04,Facebook,23859030790840682,120201741802920683,120208097717820683,,,,,,305.0,8.0
2024-04-04,Facebook,120208510961980036,120208510961940036,120208510961990036,,,,,,3.0,
2024-04-07,Facebook,120203630506630592,120203630506660592,120207033137700592,,,,,,46.0,1.0
2024-04-03,Facebook,23859030790840682,23861920362640682,120202284614640683,,,,,,232.0,5.0
2024-04-04,Facebook,120207598978660683,120207606352730683,120207607083830683,,,,,,40.0,
2024-04-05,Facebook,120203630506630592,120203630506660592,120203630506670592,,,,,,280.0,5.0
2024-04-02,Facebook,120207598978660683,120207606352730683,120207607083830683,,,,,,21.0,
2024-04-04,Facebook,120207598978660683,120207606352730683,120207606615100683,,,,,,116.0,2.0
2024-04-01,Facebook,23859030790840682,23861920362640682,23861920362630682,,,,,,65.0,
2024-04-01,Facebook,23859030790840682,23861920362640682,120202376221700683,,,,,,207.0,5.0
2024-04-01,Facebook,23859030790840682,23859030790980682,23859030790830682,0.0,0.0,3.0,0.0,0.0,75.0,3.0
2024-04-03,Facebook,23859030790840682,120201741802920683,120202284364790683,0.0,0.0,31.0,1.0,1.0,1614.0,31.0
2024-04-03,Facebook,23859030790840682,120201741802920683,120203517272330683,,,,,,4.0,1.0
2024-04-08,Facebook,120203630506630592,120203630506660592,120206151429770592,,,,,,19.0,1.0
2024-04-07,Facebook,120208510961980036,120208510961940036,120208510961990036,,,,,,3.0,
2024-04-08,Facebook,120208510961980036,120208510961940036,120208510961990036,,,,,,1.0,
2024-04-02,Facebook,23859030790840682,120201741802920683,120204834625390683,,,,,,7.0,
2024-04-08,Facebook,120208510961980036,120208510961940036,120208511470700036,,,,,,9.0,1.0
2024-04-01,Facebook,23859030790840682,120201741802920683,120201741802960683,,,,,,13.0,2.0
2024-04-09,Facebook,23859030790840682,120201741802920683,120201741802960683,,,,,,5.0,
2024-04-04,Facebook,23859030790840682,120201741802920683,120201741802960683,,,,,,28.0,2.0
2024-04-01,Facebook,120207598978660683,120207606352730683,120207607083800683,,,,,,70.0,1.0
2024-04-01,Facebook,120203630506630592,120203630506660592,120207347898770592,,,,,,52.0,
2024-04-10,Facebook,120203630506630592,120203630506660592,120207347892420592,,,,,,337.0,4.0
2024-04-06,Facebook,120207598978660683,120207598978710683,120207604702120683,,,,,,2.0,
2024-04-05,Facebook,120207598978660683,120207598978710683,120208776602150683,,,,,,46.0,
2024-04-02,Facebook,120207664117560341,120207664117550341,120207664117570341,,,,,,3.0,1.0
2024-04-09,Facebook,120207598978660683,120207598978710683,120208776830590683,,,,,,13.0,1.0
2024-04-05,Facebook,120207598978660683,120207598978710683,120208776830590683,,,,,,9.0,1.0
2024-04-05,Facebook,23859030790840682,120201741802920683,120201741802970683,,,,,,27.0,1.0
2024-04-04,Facebook,120207598978660683,120207598978710683,120207605469710683,,,,,,2.0,
2024-04-04,Facebook,120207598978660683,120207598978710683,120207660608900683,,,,,,16.0,
2024-04-04,Facebook,120203630506630592,120203630506660592,120207033224060592,,,,,,30.0,
2024-04-04,Facebook,120203630506630592,120203630506660592,120207347898770592,,,,,,36.0,
2024-04-08,Facebook,120203630506630592,120203630506660592,120207033209930592,,,,,,251.0,1.0
2024-04-08,Facebook,120203630506630592,120203630506660592,120207347898770592,,,,,,18.0,
2024-04-08,Facebook,120203630506630592,120203630506660592,120207033238140592,,,,,,117.0,
2024-04-07,Facebook,23859030790840682,23859030790930682,120204834856240683,,,,,,14.0,
2024-04-04,Facebook,120203630506630592,120203630506660592,120207347892420592,,,,,,2029.0,9.0
2024-04-03,Facebook,23859030790840682,23859030790930682,120204834856240683,,,,,,4.0,
2024-04-10,Facebook,120207598978660683,120207606352730683,120207606615130683,,,,,,3.0,
2024-04-07,Facebook,120207664117560341,120207664117550341,120207664290510341,,,,,,8.0,
2024-04-03,Facebook,23859030790840682,23861920362640682,120204834707930683,,,,,,2.0,
2024-04-06,Facebook,23859030790840682,120201741802920683,120201741882810683,,,,,,583.0,9.0
2024-04-01,Facebook,23859030790840682,23859030790930682,120201172469810683,0.0,1.0,32.0,3.0,3.0,840.0,30.0
2024-04-06,Facebook,120207598978660683,120207598978710683,120207660608920683,,,,,,13.0,
2024-04-04,Facebook,23859030790840682,23861920362640682,120204834707930683,,,,,,1.0,
2024-04-06,Facebook,23859030790840682,23859030790930682,120204834856230683,,,,,,16.0,
2024-04-02,Facebook,23859030790840682,120201741802920683,120201741802970683,,,,,,15.0,2.0
2024-04-08,Facebook,120207598978660683,120207598978710683,120208776602150683,,,,,,26.0,
2024-04-03,Facebook,120207598978660683,120207598978710683,120207660608900683,,,,,,9.0,1.0
2024-04-03,Facebook,120207598978660683,120207598978710683,120207605469710683,,,,,,14.0,
2024-04-09,Facebook,23859030790840682,23859030790930682,120203517591390683,,,,,,1.0,
2024-04-09,Facebook,23859030790840682,23859030790930682,120201172469810683,,,,,,569.0,17.0
2024-04-01,Facebook,23859030790840682,23859030790930682,120203517591390683,,,,,,245.0,8.0
2024-04-04,Facebook,120207598978660683,120207598978710683,120208097206700683,,,,,,521.0,28.0
2024-04-07,Facebook,120203630506630592,120203630506660592,120207033238140592,,,,,,125.0,
2024-04-08,Facebook,120203630506630592,120203630506660592,120207347892420592,,,,,,1502.0,6.0
2024-04-04,Facebook,23859030790840682,23861920362640682,120201172455720683,,,,,,8.0,
2024-04-01,Facebook,120207598978660683,120207606352730683,120207606615130683,,,,,,43.0,
2024-04-06,Facebook,120207598978660683,120207606352730683,120207606615110683,1.0,,,,,125.0,
2024-04-06,Facebook,120207598978660683,120207606352730683,120207607083810683,,,,,,25.0,
2024-04-07,Facebook,120207598978660683,120207598978710683,120208776602150683,,,,,,95.0,
2024-04-04,Facebook,120207598978660683,120207606352730683,120207606352940683,,,,,,716.0,8.0
2024-04-06,Facebook,23859030790840682,23859030790930682,120204834856260683,,,,,,13.0,2.0
2024-04-10,Facebook,120207598978660683,120207598978710683,120208776023920683,,,,,,1.0,
2024-04-08,Facebook,120207598978660683,120207606352730683,120207606352940683,,,,,,654.0,10.0
2024-04-07,Facebook,120207598978660683,120207598978710683,120208776830590683,,,,,,9.0,
2024-04-09,Facebook,120207664117560341,120207664117550341,120207664117570341,,,,,,5.0,
2024-04-10,Facebook,120203630506630592,120203630506660592,120206151458400592,,,,,,207.0,
2024-04-09,Facebook,120207598978660683,120207606352730683,120207606352940683,,,,,,26.0,
2024-04-01,Facebook,120207598978660683,120207606352730683,120207606352940683,,,,,,381.0,7.0
2024-04-01,Facebook,120203630506630592,120203630506660592,120206151447830592,0.0,1.0,1.0,1.0,1.0,10.0,1.0
2024-04-07,Facebook,23859030790840682,23859030790930682,23859030790890682,,,,,,225.0,4.0
2024-04-07,Facebook,120207598978660683,120207606352730683,120207606615140683,,,,,,3349.0,68.0
2024-04-10,Facebook,120203630506630592,120203630506660592,120206151429770592,,,,,,26.0,
2024-04-01,Facebook,120207598978660683,120207606352730683,120207606615140683,0.0,1.0,31.0,2.0,2.0,1215.0,31.0
2024-04-09,Facebook,23859030790840682,23859030790930682,23859030790890682,,,,,,133.0,4.0
2024-04-05,Facebook,23859030790840682,23859030790930682,120201038371050683,,,,,,71.0,3.0
2024-04-07,Facebook,120203630506630592,120203630506660592,120206151447830592,,,,,,44.0,
2024-04-10,Facebook,120207598978660683,120207606352730683,120207606615120683,,,,,,210.0,2.0
2024-04-09,Facebook,120203630506630592,120203630506660592,120206151447830592,,,,,,204.0,
2024-04-01,Facebook,120207598978660683,120207598978710683,120207658328400683,,,,,,15.0,2.0
2024-04-04,Facebook,23859030790840682,23859030790930682,120204835491350683,,,,,,6.0,
2024-04-04,Facebook,23859030790840682,23859030790930682,120201979124270683,,,,,,28.0,1.0
2024-04-05,Facebook,23859030790840682,23859030790930682,120204835491350683,,,,,,22.0,1.0
2024-04-09,Facebook,23859030790840682,23859030790930682,120204835491350683,,,,,,10.0,
2024-04-10,Facebook,23859030790840682,23859030790930682,120201979124270683,,,,,,22.0,1.0
2024-04-09,Facebook,23859030790840682,120201741802920683,120202376082920683,,,,,,1.0,
2024-04-01,Facebook,23859030790840682,120201741802920683,120202376082920683,,,,,,570.0,24.0
2024-04-07,Facebook,120207598978660683,120207606352730683,120207607083830683,,,,,,33.0,
2024-04-02,Facebook,23859030790840682,23859030790930682,120204835491350683,,,,,,5.0,
2024-04-08,Facebook,23859030790840682,120201741802920683,120202376082920683,,,,,,24.0,
2024-04-03,Facebook,120207598978660683,120207598978710683,120207660608910683,,,,,,2.0,1.0
2024-04-02,Facebook,120207598978660683,120207606352730683,120207606615100683,,,,,,114.0,5.0
2024-04-01,Facebook,120207598978660683,120207598978710683,120207660608910683,,,,,,2.0,
2024-04-06,Facebook,23859030790840682,120201741802920683,120201741888490683,0.0,4.0,226.0,17.0,17.0,11866.0,263.0
2024-04-08,Facebook,23859030790840682,23859030790930682,120204835491350683,,,,,,12.0,
2024-04-06,Facebook,120207598978660683,120207598978710683,120207658328400683,,,,,,17.0,
2024-04-04,Facebook,120203630506630592,120203630506660592,120203630506670592,,,,,,201.0,2.0
2024-04-10,Facebook,23859030790840682,120201741802920683,120202376082920683,,,,,,4.0,
2024-04-03,Facebook,120207598978660683,120207598978710683,120208097119580683,,,,,,296.0,15.0
2024-04-06,Facebook,23859030790840682,120201741802920683,120202284364790683,,,,,,1520.0,36.0
2024-04-01,Facebook,120207598978660683,120207606352730683,120207607083830683,,,,,,69.0,
2024-04-09,Facebook,120207598978660683,120207606352730683,120207606615100683,,,,,,232.0,2.0
2024-04-04,Facebook,120207598978660683,120207598978710683,120208097119580683,,,,,,150.0,6.0
2024-04-07,Facebook,23859030790840682,120201741802920683,120203517272330683,,,,,,3.0,
2024-04-08,Facebook,120203630506630592,120203630506660592,120206151462140592,,,,,,21.0,
2024-04-04,Facebook,120203630506630592,120203630506660592,120206151462140592,,,,,,60.0,
2024-04-06,Facebook,23859030790840682,23859030790930682,120204835491340683,,,,,,11.0,
2024-04-06,Facebook,23859030790840682,120201741802920683,120201741802950683,,,,,,19.0,2.0
2024-04-10,Facebook,120203630506630592,120203630506660592,120203631867950592,2.0,11.0,259.0,49.0,35.0,38758.0,262.0
2024-04-10,Facebook,120203630506630592,120203630506660592,120206151469040592,,,,,,93.0,
2024-04-02,Facebook,120208510961980036,120208510961940036,120208510961990036,,,,,,3.0,
2024-04-06,Facebook,120207664117560341,120207664117550341,120207664399630341,1.0,99.0,1262.0,234.0,181.0,150665.0,1281.0
2024-04-09,Facebook,23859030790840682,23859030790930682,120200811888030683,,,,,,2.0,
2024-04-01,Facebook,23859030790840682,23859030790930682,120200811888030683,,,,,,22.0,2.0
2024-04-01,Facebook,120208510961980036,120208510961940036,120208511814890036,,,,,,6.0,
2024-04-11,Facebook,23859030790840682,23859030790930682,120200811888030683,,,,,,3.0,1.0
2024-04-07,Facebook,120203630506630592,120203630506660592,120207033218670592,,,,,,5.0,
2024-04-05,Facebook,120207598978660683,120207598978710683,120207604702090683,0.0,3.0,349.0,7.0,7.0,6423.0,373.0
2024-04-02,Facebook,120207664117560341,120207664117550341,120207664290510341,,,,,,4.0,
2024-04-04,Facebook,120203630506630592,120203630506660592,120207033209930592,,,,,,131.0,
2024-04-09,Facebook,23859030790840682,23859030790930682,120204834856240683,,,,,,8.0,
2024-04-11,Facebook,23859030790840682,23859030790930682,120201172469810683,,,,,,829.0,27.0
2024-04-11,Facebook,23859030790840682,23859030790930682,120203517591390683,,,,,,30.0,1.0
2024-04-05,Facebook,23859030790840682,23859030790930682,120200580263050683,,,,,,20.0,
2024-04-05,Facebook,120203630506630592,120203630506660592,120206151429770592,,,,,,108.0,1.0
2024-04-06,Facebook,120207598978660683,120207606352730683,120207607083790683,,,,,,19.0,
2024-04-03,Facebook,120203630506630592,120203630506660592,120206151458400592,,,,,,90.0,
2024-04-04,Facebook,120203630506630592,120203630506660592,120207033230670592,,,,,,13.0,
2024-04-01,Facebook,120203630506630592,120203630506660592,120207033230670592,,,,,,54.0,
2024-04-02,Facebook,23859030790840682,23861920362640682,120204834707930683,,,,,,2.0,
2024-04-08,Facebook,23859030790840682,120201741802920683,120201979117570683,,,,,,19.0,1.0
2024-04-07,Facebook,23859030790840682,120201741802920683,120201979117570683,,,,,,23.0,
2024-04-06,Facebook,120208510961980036,120208510961940036,120208511511140036,2.0,35.0,966.0,131.0,96.0,109410.0,954.0
2024-04-07,Facebook,23859030790840682,23859030790930682,23859030790960682,,,,,,2284.0,50.0
2024-04-10,Facebook,120207598978660683,120207598978710683,120208776940630683,,,,,,10.0,
2024-04-11,Facebook,120207598978660683,120207606352730683,120207606615140683,0.0,,,,,,
2024-04-11,Facebook,23859030790840682,23859030790930682,23859030790890682,,,,,,208.0,6.0
2024-04-08,Facebook,120203630506630592,120203630506660592,120206151447830592,,,,,,146.0,
2024-04-02,Facebook,120203630506630592,120203630506660592,120206151447830592,,,,,,106.0,
2024-04-08,Facebook,23859030790840682,23859030790930682,120201979124270683,,,,,,17.0,
2024-04-06,Facebook,23859030790840682,23859030790930682,120202284638650683,0.0,0.0,38.0,1.0,1.0,1519.0,41.0
2024-04-03,Facebook,23859030790840682,120201741802920683,120202376082920683,,,,,,14.0,
2024-04-07,Facebook,120207598978660683,120207598978710683,120207660608910683,,,,,,1.0,
2024-04-04,Facebook,120207598978660683,120207598978710683,120208097259250683,,,,,,872.0,58.0
2024-04-02,Facebook,23859030790840682,120201741802920683,120203517272330683,,,,,,18.0,
2024-04-02,Facebook,23859030790840682,23861920362640682,120204835050300683,,,,,,3.0,
2024-04-04,Facebook,23859030790840682,23861920362640682,120202376221700683,,,,,,34.0,1.0
2024-04-03,Facebook,120208510961980036,120208510961940036,120208510961990036,,,,,,4.0,
2024-04-10,Facebook,120203630506630592,120203630506660592,120207033218670592,,,,,,22.0,
2024-04-09,Facebook,120208510961980036,120208510961940036,120208511814890036,,,,,,3.0,
2024-04-10,Facebook,120203630506630592,120203630506660592,120207033137700592,,,,,,82.0,
2024-04-01,Facebook,23859030790840682,23859030790930682,120202376294300683,0.0,1.0,79.0,6.0,6.0,2595.0,91.0
2024-04-06,Facebook,120207664117560341,120207664117550341,120207664117570341,,,,,,13.0,
2024-04-08,Facebook,23859030790840682,120201741802920683,120201741802960683,,,,,,2.0,
2024-04-05,Facebook,120207598978660683,120207606352730683,120207607083820683,,,,,,19.0,1.0
2024-04-03,Facebook,120208510961980036,120208510961940036,120208511470700036,,,,,,2.0,
2024-04-07,Facebook,23859030790840682,23859030790930682,23859030790970682,,,,,,10.0,
2024-04-03,Facebook,120207664117560341,120207664117550341,120207664290510341,,,,,,19.0,
2024-04-02,Facebook,23859030790840682,23859030790930682,120201172469810683,0.0,0.0,86.0,1.0,1.0,2624.0,86.0
2024-04-04,Facebook,23859030790840682,23859030790930682,120201172469810683,0.0,1.0,62.0,1.0,1.0,1581.0,63.0
2024-04-04,Facebook,23859030790840682,23859030790930682,120200580263050683,,,,,,2.0,
2024-04-07,Facebook,120203630506630592,120203630506660592,120207033209930592,,,,,,149.0,3.0
2024-04-05,Facebook,23859030790840682,23859030790930682,120204834856240683,,,,,,23.0,
2024-04-09,Facebook,120203630506630592,120203630506660592,120206151458400592,,,,,,112.0,
2024-04-04,Facebook,120207598978660683,120207606352730683,120207606615130683,,,,,,12.0,
2024-04-05,Facebook,120207598978660683,120207598978710683,120207660608900683,,,,,,3.0,
2024-04-04,Facebook,23859030790840682,23859030790980682,23859030790950682,,,,,,31.0,
2024-04-05,Facebook,120207598978660683,120207598978710683,120207605469710683,,,,,,2.0,
2024-04-01,Facebook,23859030790840682,23861920362640682,120201979076540683,,,,,,3.0,
2024-04-10,Facebook,23859030790840682,23859030790930682,23859030790960682,,,,,,1713.0,34.0
2024-04-07,Facebook,120207598978660683,120207606352730683,120207606352940683,,,,,,135.0,
2024-04-09,Facebook,120207598978660683,120207606352730683,120207606615140683,0.0,1.0,41.0,2.0,2.0,2238.0,47.0
2024-04-03,Facebook,120203630506630592,120203630506660592,120206151447830592,,,,,,120.0,
2024-04-09,Facebook,120207598978660683,120207606352730683,120207606615120683,,,,,,626.0,4.0
2024-04-01,Facebook,120207598978660683,120207606352730683,120207606615120683,,,,,,135.0,2.0
2024-04-06,Facebook,120207598978660683,120207606352730683,120207606615100683,0.0,0.0,3.0,0.0,0.0,331.0,3.0
2024-04-02,Facebook,120207598978660683,120207598978710683,120208097259250683,,,,,,206.0,12.0
2024-04-06,Facebook,23859030790840682,120201741802920683,120204834625400683,,,,,,12.0,1.0
2024-04-05,Facebook,23859030790840682,23859030790930682,120204834856250683,,,,,,13.0,
2024-04-01,Facebook,23859030790840682,23861920362640682,120204835050300683,,,,,,3.0,
2024-04-09,Facebook,23859030790840682,120201741802920683,120201741802950683,,,,,,15.0,
2024-04-10,Facebook,120203630506630592,120203630506660592,120206151462140592,,,,,,26.0,
2024-04-03,Facebook,23859030790840682,23861920362640682,120204835050310683,,,,,,2.0,
2024-04-02,Facebook,23859030790840682,23859030790930682,120204835491340683,,,,,,6.0,
2024-04-08,Facebook,23859030790840682,23859030790930682,120204834856250683,,,,,,3.0,
2024-04-07,Facebook,23859030790840682,23859030790930682,120204835491340683,,,,,,12.0,
2024-04-10,Facebook,23859030790840682,120201741802920683,120208097717820683,,,,,,109.0,2.0
2024-04-07,Facebook,120207664117560341,120207664117550341,120207664399630341,1.0,120.0,1586.0,281.0,215.0,177195.0,1603.0
2024-04-11,Facebook,120207664117560341,120207664117550341,120207664399630341,0.0,39.0,729.0,135.0,97.0,79204.0,718.0
2024-04-05,Facebook,120207598978660683,120207598978710683,120207604702110683,,,,,,1.0,
2024-04-01,Facebook,23859030790840682,120201741802920683,120201741802950683,,,,,,18.0,2.0
2024-04-05,Facebook,23859030790840682,120201741802920683,120204834625400683,,,,,,32.0,1.0
2024-04-07,Facebook,23859030790840682,23859030790930682,120204834856250683,,,,,,5.0,
2024-04-08,Facebook,23859030790840682,120201741802920683,120201741802950683,,,,,,13.0,1.0
2024-04-02,Facebook,23859030790840682,120201741802920683,120204834625400683,,,,,,3.0,
2024-04-04,Facebook,23859030790840682,23859030790930682,120204835491340683,,,,,,7.0,
2024-04-08,Facebook,23859030790840682,23859030790930682,120204835491340683,,,,,,13.0,
2024-04-05,Facebook,23859030790840682,23859030790930682,23859030790900682,,,,,,2995.0,68.0
2024-04-08,Facebook,120207664117560341,120207664117550341,120207664399630341,2.0,55.0,938.0,154.0,102.0,110864.0,913.0
2024-04-02,Facebook,120207664117560341,120207664117550341,120207664399630341,1.0,63.0,1440.0,244.0,170.0,162442.0,1470.0
2024-04-09,Facebook,120207598978660683,120207606352730683,120207607083780683,,,,,,4.0,
2024-04-06,Facebook,120203630506630592,120203630506660592,120206151462140592,,,,,,17.0,
2024-04-09,Facebook,23859030790840682,120201741802920683,120204834625400683,,,,,,7.0,
2024-04-01,Facebook,23859030790840682,120201741802920683,120204834625400683,,,,,,1.0,
2024-04-01,Facebook,23859030790840682,23859030790930682,120204834856250683,,,,,,4.0,
2024-04-01,Facebook,23859030790840682,23859030790930682,120204835491340683,,,,,,8.0,1.0
2024-04-09,Facebook,23859030790840682,23859030790930682,120204835491340683,,,,,,19.0,
2024-04-02,Facebook,23859030790840682,23859030790930682,23859030790900682,1.0,0.0,64.0,2.0,2.0,2729.0,68.0
2024-04-04,Facebook,23859030790840682,23859030790930682,23859030790900682,0.0,2.0,62.0,3.0,3.0,3273.0,63.0
2024-04-06,Facebook,120207598978660683,120207598978710683,120207658328380683,,,,,,3.0,
2024-04-04,Facebook,23859030790840682,23861920362640682,120203517566840683,,,,,,91.0,1.0
2024-04-05,Facebook,120207664117560341,120207664117550341,120207664399630341,2.0,58.0,899.0,159.0,121.0,124071.0,909.0
2024-04-02,Facebook,120203630506630592,120203630506660592,120207033218670592,,,,,,61.0,
2024-04-08,Facebook,120203630506630592,120203630506660592,120207033137700592,,,,,,76.0,
2024-04-07,Facebook,23859030790840682,120201741802920683,120208097327310683,,,,,,47.0,1.0
2024-04-04,Facebook,120203630506630592,120203630506660592,120207033137700592,,,,,,113.0,
2024-04-03,Facebook,23859030790840682,23861920362640682,120203517566840683,0.0,1.0,1.0,1.0,0.0,18.0,2.0
2024-04-06,Facebook,23859030790840682,23859030790930682,23859030790900682,0.0,1.0,68.0,2.0,2.0,2587.0,71.0
2024-04-06,Facebook,120203630506630592,120203630506660592,120203631867950592,6.0,24.0,291.0,77.0,62.0,43439.0,333.0
2024-04-02,Facebook,120207598978660683,120207606352730683,120207607083780683,,,,,,42.0,
2024-04-04,Facebook,23859030790840682,120201741802920683,120208097327310683,,,,,,1031.0,40.0
2024-04-08,Facebook,120207598978660683,120207606352730683,120207607083780683,,,,,,16.0,
2024-04-03,Facebook,120207598978660683,120207598978710683,120207658328390683,0.0,1.0,111.0,10.0,10.0,1917.0,114.0
2024-04-04,Facebook,120207598978660683,120207598978710683,120207658328390683,0.0,1.0,88.0,3.0,3.0,1482.0,93.0
2024-04-02,Facebook,120207598978660683,120207598978710683,120207658328390683,,,,,,1872.0,89.0
2024-04-02,Facebook,120207598978660683,120207598978710683,120207604702110683,,,,,,2.0,
2024-04-03,Facebook,120207598978660683,120207598978710683,120207604702110683,,,,,,3.0,
2024-04-10,Facebook,120208510961980036,120208510961940036,120208510961990036,,,,,,2.0,
2024-04-04,Facebook,23859030790840682,23859030790930682,23859030790910682,0.0,1.0,19.0,2.0,1.0,1225.0,20.0
2024-04-02,Facebook,23859030790840682,23859030790930682,23859030790970682,,,,,,11.0,
2024-04-01,Facebook,120207598978660683,120207598978710683,120207604702090683,,,,,,77.0,2.0
2024-04-06,Facebook,23859030790840682,120201741802920683,120201979117570683,,,,,,13.0,
2024-04-09,Facebook,120207598978660683,120207598978710683,120207605469670683,,,,,,2.0,
2024-04-02,Facebook,120203630506630592,120203630506660592,120206151462140592,,,,,,59.0,1.0
2024-04-07,Facebook,23859030790840682,120201741802920683,120204834625400683,,,,,,19.0,
2024-04-06,Facebook,23859030790840682,23859030790930682,120204834856250683,,,,,,5.0,
2024-04-07,Facebook,120207598978660683,120207598978710683,120207605469690683,,,,,,4.0,
2024-04-03,Facebook,120207598978660683,120207598978710683,120207605469690683,,,,,,47.0,2.0
2024-04-02,Facebook,23859030790840682,23861920362640682,120201038313190683,,,,,,13.0,3.0
2024-04-02,Facebook,120207598978660683,120207598978710683,120207604702120683,,,,,,7.0,1.0
2024-04-04,Facebook,23859030790840682,23861920362640682,120201038313190683,,,,,,3.0,
2024-04-04,Facebook,120207598978660683,120207598978710683,120207605469690683,,,,,,25.0,1.0
2024-04-03,Facebook,23859030790840682,23861920362640682,120200811884710683,,,,,,3.0,
2024-04-04,Facebook,120203630506630592,120203630506660592,120203631766390592,5.0,11.0,289.0,54.0,38.0,79670.0,367.0
2024-04-04,Facebook,120203630506630592,120203630506660592,120207347852260592,,,,,,403.0,1.0
2024-04-01,Facebook,120207664117560341,120207664117550341,120207664117570341,,,,,,4.0,
2024-04-04,Facebook,120207598978660683,120207606352730683,120207607083820683,,,,,,39.0,2.0
2024-04-01,Facebook,120207664117560341,120207664117550341,120207664290510341,,,,,,4.0,
2024-04-10,Facebook,23859030790840682,23859030790930682,23859030790900682,,,,,,524.0,12.0
2024-04-09,Facebook,23859030790840682,120201741802920683,120201741882810683,,,,,,261.0,4.0
2024-04-02,Facebook,120207598978660683,120207606352730683,120207607083800683,,,,,,216.0,4.0
2024-04-01,Facebook,120207598978660683,120207598978710683,120207660608920683,,,,,,18.0,1.0
2024-04-07,Facebook,120207664117560341,120207664117550341,120207664184850341,,,,,,4.0,
2024-04-08,Facebook,120207664117560341,120207664117550341,120207664184850341,,,,,,3.0,
2024-04-04,Facebook,120207598978660683,120207598978710683,120207660608920683,,,,,,17.0,
2024-04-07,Facebook,120207598978660683,120207598978710683,120207605469700683,0.0,1.0,79.0,1.0,1.0,2016.0,85.0
2024-04-05,Facebook,120203630506630592,120203630506660592,120207033209930592,,,,,,170.0,
2024-04-06,Facebook,120207598978660683,120207606352730683,120207606615130683,,,,,,13.0,
2024-04-05,Facebook,120207598978660683,120207606352730683,120207607083790683,,,,,,65.0,2.0
2024-04-03,Facebook,120203630506630592,120203630506660592,120207347910290592,,,,,,31.0,
2024-04-03,Facebook,120203630506630592,120203630506660592,120207033137700592,,,,,,100.0,1.0
2024-04-03,Facebook,120203630506630592,120203630506660592,120207033218670592,,,,,,60.0,
2024-04-06,Facebook,23859030790840682,23859030790930682,120200811888030683,,,,,,10.0,
2024-04-06,Facebook,120208510961980036,120208510961940036,120208511814890036,,,,,,1.0,
2024-04-08,Facebook,23859030790840682,23859030790930682,120204834856230683,,,,,,5.0,
2024-04-08,Facebook,120207664117560341,120207664117550341,120207664117570341,,,,,,4.0,
2024-04-09,Facebook,120203630506630592,120203630506660592,120206151454080592,,,,,,9.0,
2024-04-02,Facebook,23859030790840682,23859030790930682,23859030790960682,0.0,2.0,50.0,4.0,4.0,2590.0,53.0
2024-04-04,Facebook,23859030790840682,23859030790930682,23859030790960682,0.0,2.0,60.0,4.0,4.0,2685.0,64.0
2024-04-05,Facebook,120208510961980036,120208510961940036,120208511511140036,1.0,22.0,624.0,96.0,56.0,81328.0,650.0
2024-04-03,Facebook,23859030790840682,23861920362640682,120201979076540683,,,,,,2.0,
2024-04-03,Facebook,120207598978660683,120207606352730683,120207606615120683,,,,,,156.0,3.0
2024-04-09,Facebook,23859030790840682,120201741802920683,120201741888490683,0.0,4.0,225.0,13.0,13.0,10930.0,257.0
2024-04-02,Facebook,23859030790840682,120201741802920683,120201741802960683,,,,,,26.0,
2024-04-05,Facebook,120203630506630592,120203630506660592,120206151469040592,,,,,,122.0,
2024-04-02,Facebook,23859030790840682,120201741802920683,120201741882810683,0.0,1.0,19.0,1.0,1.0,1194.0,22.0
2024-04-05,Facebook,120207664117560341,120207664117550341,120207664184850341,,,,,,5.0,
2024-04-08,Facebook,23859030790840682,120201741802920683,120201741882810683,,,,,,474.0,10.0
2024-04-06,Facebook,23859030790840682,120201741802920683,120201741872690683,0.0,1.0,27.0,5.0,5.0,1316.0,36.0
2024-04-09,Facebook,120207598978660683,120207598978710683,120207658328400683,,,,,,119.0,4.0
2024-04-06,Facebook,23859030790840682,23859030790930682,120201979124270683,,,,,,10.0,
2024-04-01,Facebook,23859030790840682,23861920362640682,120204834707940683,,,,,,10.0,
2024-04-07,Facebook,120203630506630592,120203630506660592,120203630506670592,,,,,,355.0,3.0
2024-04-09,Facebook,23859030790840682,23859030790930682,120202284638650683,,,,,,540.0,18.0
2024-04-08,Facebook,23859030790840682,23859030790930682,23859030790970682,,,,,,20.0,
2024-04-03,Facebook,23859030790840682,23859030790930682,23859030790910682,,,,,,1972.0,20.0
2024-04-05,Facebook,120207598978660683,120207606352730683,120207606615130683,,,,,,19.0,
2024-04-08,Facebook,120207598978660683,120207598978710683,120207605469670683,,,,,,7.0,
2024-04-01,Facebook,120207598978660683,120207598978710683,120207605469700683,,,,,,1240.0,36.0
2024-04-10,Facebook,120207598978660683,120207606352730683,120207606615100683,,,,,,51.0,1.0
2024-04-06,Facebook,23859030790840682,23859030790930682,120203517591390683,,,,,,206.0,4.0
2024-04-06,Facebook,23859030790840682,23859030790930682,120201172469810683,,,,,,784.0,31.0
2024-04-05,Facebook,23859030790840682,23859030790930682,120202376294300683,0.0,1.0,28.0,1.0,1.0,1314.0,28.0
2024-04-03,Facebook,120203630506630592,120203630506660592,120203631766390592,5.0,23.0,311.0,65.0,51.0,80604.0,366.0
2024-04-04,Facebook,120207598978660683,120207606352730683,120207607083810683,,,,,,15.0,
2024-04-10,Facebook,23859030790840682,120201741802920683,120201741802970683,,,,,,7.0,
2024-04-08,Facebook,120207598978660683,120207606352730683,120207607083810683,,,,,,3.0,
2024-04-10,Facebook,120203630506630592,120203630506660592,120207347852260592,,,,,,219.0,1.0
2024-04-08,Facebook,120207598978660683,120207606352730683,120207606615110683,,,,,,197.0,1.0
2024-04-01,Facebook,120207598978660683,120207598978710683,120207660608900683,,,,,,7.0,
2024-04-02,Facebook,23859030790840682,23859030790980682,23859030790950682,,,,,,228.0,8.0
2024-04-01,Facebook,23859030790840682,23861920362640682,120204834707910683,,,,,,86.0,1.0
2024-04-04,Facebook,23859030790840682,23859030790930682,120201038371050683,,,,,,58.0,1.0
2024-04-02,Facebook,23859030790840682,120201741802920683,120201741888490683,1.0,5.0,619.0,39.0,38.0,32102.0,733.0
2024-04-08,Facebook,23859030790840682,120201741802920683,120201741888490683,0.0,2.0,200.0,8.0,7.0,13574.0,237.0
2024-04-02,Facebook,120207598978660683,120207598978710683,120207658328400683,,,,,,24.0,
2024-04-02,Facebook,23859030790840682,23859030790980682,23859030790830682,,,,,,101.0,1.0
2024-04-05,Facebook,120207598978660683,120207598978710683,120207604702120683,,,,,,2.0,
2024-04-10,Facebook,120207598978660683,120207606352730683,120207607083800683,,,,,,40.0,
2024-04-02,Facebook,120203630506630592,120203630506660592,120207033230670592,,,,,,27.0,
2024-04-02,Facebook,23859030790840682,23859030790930682,120202284638650683,0.0,1.0,60.0,3.0,3.0,2644.0,72.0
2024-04-09,Facebook,120207598978660683,120207598978710683,120208776940630683,,,,,,46.0,
2024-04-02,Facebook,120207598978660683,120207606352730683,120207606352940683,,,,,,88.0,1.0
2024-04-03,Facebook,120207598978660683,120207606352730683,120207606352940683,,,,,,463.0,7.0
2024-04-03,Facebook,23859030790840682,23859030790930682,23859030790960682,0.0,2.0,44.0,3.0,3.0,2164.0,49.0
2024-04-04,Facebook,120208510961980036,120208510961940036,120208511511140036,0.0,21.0,795.0,90.0,63.0,91665.0,755.0
2024-04-10,Facebook,23859030790840682,120201741802920683,120202284364790683,,,,,,667.0,13.0
2024-04-10,Facebook,23859030790840682,120201741802920683,120201741802950683,,,,,,17.0,
2024-04-02,Facebook,120203630506630592,120203630506660592,120207347898770592,,,,,,51.0,2.0
2024-04-02,Facebook,120203630506630592,120203630506660592,120207033224060592,,,,,,31.0,
2024-04-02,Facebook,120203630506630592,120203630506660592,120207033209930592,,,,,,154.0,1.0
2024-04-03,Facebook,120203630506630592,120203630506660592,120207033209930592,,,,,,199.0,
2024-04-11,Facebook,23859030790840682,23859030790930682,120204834856240683,,,,,,13.0,
2024-04-02,Facebook,120203630506630592,120203630506660592,120207347892420592,,,,,,1614.0,8.0
2024-04-01,Facebook,23859030790840682,120201741802920683,120201741872690683,0.0,1.0,23.0,5.0,5.0,1996.0,30.0
2024-04-03,Facebook,120207598978660683,120207606352730683,120207607083790683,0.0,1.0,1.0,1.0,1.0,11.0,2.0
2024-04-04,Facebook,120207598978660683,120207606352730683,120207607083790683,,,,,,90.0,3.0
2024-04-09,Facebook,23859030790840682,120201741802920683,120201741872690683,,,,,,1839.0,32.0
2024-04-08,Facebook,23859030790840682,120201741802920683,120204834625400683,,,,,,9.0,
2024-04-04,Facebook,23859030790840682,120201741802920683,120204834625400683,,,,,,15.0,
2024-04-02,Facebook,23859030790840682,120201741802920683,120208097327310683,,,,,,2934.0,77.0
2024-04-04,Facebook,120207598978660683,120207606352730683,120207607083780683,,,,,,16.0,
2024-04-06,Facebook,120203630506630592,120203630506660592,120207033137700592,,,,,,36.0,
2024-04-08,Facebook,23859030790840682,23859030790930682,23859030790900682,,,,,,1026.0,18.0
2024-04-09,Facebook,120207664117560341,120207664117550341,120207664399630341,2.0,51.0,603.0,126.0,98.0,63261.0,584.0
2024-04-05,Facebook,120203630506630592,120203630506660592,120207347910290592,,,,,,9.0,
2024-04-04,Facebook,120203630506630592,120203630506660592,120207033218670592,,,,,,10.0,
2024-04-07,Facebook,120207598978660683,120207606352730683,120207607083780683,,,,,,38.0,
2024-04-02,Facebook,120203630506630592,120203630506660592,120207033137700592,,,,,,81.0,
2024-04-03,Facebook,120207598978660683,120207606352730683,120207607083780683,,,,,,10.0,
2024-04-03,Facebook,23859030790840682,120201741802920683,120208097327310683,,,,,,2756.0,47.0
2024-04-04,Facebook,23859030790840682,23861920362640682,120202284614640683,,,,,,124.0,4.0
2024-04-04,Facebook,120203630506630592,120203630506660592,120207347910290592,,,,,,17.0,
2024-04-05,Facebook,23859030790840682,120201741802920683,120201741802960683,,,,,,85.0,2.0
2024-04-06,Facebook,23859030790840682,120201741802920683,120204834625390683,,,,,,3.0,
2024-04-06,Facebook,120207664117560341,120207664117550341,120207664290510341,,,,,,4.0,
2024-04-08,Facebook,120207598978660683,120207606352730683,120207607083820683,,,,,,15.0,1.0
2024-04-01,Facebook,23859030790840682,120201741802920683,120204834625390683,,,,,,6.0,
2024-04-01,Facebook,120208510961980036,120208510961940036,120208511470700036,,,,,,27.0,
2024-04-01,Facebook,23859030790840682,23859030790930682,23859030790970682,,,,,,6.0,
2024-04-09,Facebook,23859030790840682,23859030790930682,23859030790970682,,,,,,24.0,
2024-04-05,Facebook,120208510961980036,120208510961940036,120208511470700036,,,,,,4.0,
2024-04-11,Facebook,23859030790840682,23859030790930682,23859030790970682,,,,,,18.0,
2024-04-01,Facebook,23859030790840682,23859030790930682,23859030790910682,,,,,,2756.0,28.0
2024-04-01,Facebook,120203630506630592,120203630506660592,120203631867950592,8.0,35.0,774.0,164.0,108.0,147013.0,885.0
2024-04-04,Facebook,120203630506630592,120203630506660592,120203631867950592,4.0,25.0,467.0,101.0,63.0,74850.0,518.0
2024-04-02,Facebook,120203630506630592,120203630506660592,120206151469040592,,,,,,97.0,
2024-04-02,Facebook,23859030790840682,23861920362640682,23861920362630682,,,,,,54.0,1.0
2024-04-04,Facebook,120203630506630592,120203630506660592,120206151469040592,,,,,,188.0,1.0
2024-04-06,Facebook,120208510961980036,120208510961940036,120208510961990036,,,,,,4.0,
2024-04-02,Facebook,120203630506630592,120203630506660592,120203631867950592,5.0,34.0,533.0,127.0,92.0,93580.0,619.0
2024-04-01,Facebook,120203630506630592,120203630506660592,120203631766390592,3.0,12.0,225.0,47.0,32.0,75681.0,280.0
2024-04-06,Facebook,23859030790840682,120201741802920683,120201741802970683,,,,,,73.0,5.0
2024-04-10,Facebook,23859030790840682,23859030790930682,120202376294300683,,,,,,655.0,18.0
2024-04-10,Facebook,23859030790840682,23859030790930682,120203517591390683,,,,,,3.0,
2024-04-01,Facebook,120203630506630592,120203630506660592,120207347852260592,,,,,,78.0,1.0
2024-04-04,Facebook,120207598978660683,120207606352730683,120207607083800683,,,,,,19.0,
2024-04-05,Facebook,120207598978660683,120207606352730683,120207606615120683,,,,,,161.0,
2024-04-06,Facebook,23859030790840682,23859030790930682,23859030790890682,,,,,,33.0,
2024-04-03,Facebook,120203630506630592,120203630506660592,120207033230670592,,,,,,12.0,
2024-04-02,Facebook,120207598978660683,120207598978710683,120207660608900683,,,,,,9.0,
2024-04-07,Facebook,23859030790840682,23859030790930682,120204834856230683,,,,,,5.0,1.0
2024-04-03,Facebook,23859030790840682,23859030790930682,120204834856230683,,,,,,1.0,
2024-04-04,Facebook,23859030790840682,23861920362640682,120200811884710683,,,,,,18.0,1.0
2024-04-10,Facebook,23859030790840682,23859030790930682,120204834856230683,,,,,,7.0,
2024-04-02,Facebook,120207598978660683,120207606352730683,120207607083810683,,,,,,11.0,
2024-04-11,Facebook,120203630506630592,120203630506660592,120207347892420592,,,,,,364.0,5.0
2024-04-05,Facebook,120203630506630592,120203630506660592,120207347892420592,,,,,,1505.0,15.0
2024-04-09,Facebook,120203630506630592,120203630506660592,120207347892420592,,,,,,636.0,1.0
2024-04-11,Facebook,120203630506630592,120203630506660592,120207033209930592,,,,,,90.0,
2024-04-09,Facebook,120203630506630592,120203630506660592,120207347898770592,,,,,,60.0,1.0
2024-04-05,Facebook,120203630506630592,120203630506660592,120207347898770592,,,,,,17.0,
2024-04-11,Facebook,120203630506630592,120203630506660592,120207347898770592,,,,,,8.0,
2024-04-05,Facebook,120203630506630592,120203630506660592,120207033238140592,,,,,,243.0,
2024-04-05,Facebook,120203630506630592,120203630506660592,120207033224060592,,,,,,37.0,1.0
2024-04-03,Facebook,120207598978660683,120207606352730683,120207606615140683,1.0,1.0,35.0,4.0,4.0,1853.0,45.0
2024-04-06,Facebook,120208510961980036,120208510961940036,120208511470700036,,,,,,3.0,
2024-04-05,Facebook,23859030790840682,23859030790930682,23859030790970682,,,,,,42.0,1.0
2024-04-05,Facebook,120207598978660683,120207598978710683,120207605469670683,,,,,,7.0,
2024-04-07,Facebook,23859030790840682,120201741802920683,120201741872690683,0.0,1.0,26.0,6.0,6.0,2121.0,34.0
2024-04-02,Facebook,120203630506630592,120203630506660592,120206151458400592,,,,,,89.0,1.0
2024-04-08,Facebook,120203630506630592,120203630506660592,120206151458400592,,,,,,32.0,
2024-04-10,Facebook,23859030790840682,23859030790930682,120202284638650683,0.0,0.0,12.0,0.0,0.0,796.0,14.0
2024-04-02,Facebook,23859030790840682,23859030790930682,120202376294300683,,,,,,2910.0,65.0
2024-04-03,Facebook,120207598978660683,120207606352730683,120207606615110683,,,,,,147.0,4.0
2024-04-07,Facebook,120207664117560341,120207664117550341,120207664117570341,,,,,,9.0,
2024-04-03,Facebook,120207598978660683,120207598978710683,120207660608920683,,,,,,11.0,
2024-04-02,Facebook,23859030790840682,23859030790930682,120201979124270683,,,,,,6.0,
2024-04-08,Facebook,120207598978660683,120207598978710683,120207658328400683,,,,,,47.0,
2024-04-02,Facebook,23859030790840682,120201741802920683,120202376082920683,,,,,,12.0,
2024-04-11,Facebook,23859030790840682,23859030790930682,120201979124270683,,,,,,22.0,
2024-04-11,Facebook,23859030790840682,23859030790930682,120204835491350683,,,,,,8.0,
2024-04-09,Facebook,23859030790840682,23859030790930682,120201979124270683,,,,,,5.0,
2024-04-10,Facebook,23859030790840682,120201741802920683,120201741888490683,,,,,,781.0,21.0
2024-04-06,Facebook,120203630506630592,120203630506660592,120206151458400592,,,,,,17.0,
2024-04-01,Facebook,120203630506630592,120203630506660592,120207033238140592,,,,,,44.0,
2024-04-04,Facebook,120207598978660683,120207598978710683,120207660608910683,,,,,,2.0,
2024-04-03,Facebook,23859030790840682,23859030790930682,23859030790900682,0.0,1.0,34.0,1.0,1.0,1877.0,32.0
2024-04-02,Facebook,120207598978660683,120207598978710683,120207658328380683,,,,,,13.0,
2024-04-10,Facebook,23859030790840682,120201741802920683,120208097327310683,0.0,1.0,64.0,3.0,3.0,2708.0,74.0
2024-04-05,Facebook,23859030790840682,23859030790930682,120200811888030683,,,,,,8.0,
2024-04-08,Facebook,120203630506630592,120203630506660592,120207033218670592,,,,,,13.0,
2024-04-01,Facebook,120207598978660683,120207606352730683,120207607083780683,,,,,,41.0,2.0
2024-04-04,Facebook,120207598978660683,120207598978710683,120207604702110683,,,,,,7.0,1.0
2024-04-07,Facebook,23859030790840682,23859030790930682,23859030790900682,,,,,,2266.0,45.0
2024-04-01,Facebook,23859030790840682,23861920362640682,120203517566840683,,,,,,28.0,2.0
2024-04-06,Facebook,23859030790840682,120201741802920683,120208097717820683,,,,,,289.0,8.0
2024-04-01,Facebook,120207664117560341,120207664117550341,120207664399630341,0.0,63.0,1566.0,256.0,184.0,189221.0,1597.0
2024-04-05,Facebook,120208510961980036,120208510961940036,120208511814890036,,,,,,1.0,
2024-04-04,Facebook,120207598978660683,120207598978710683,120207604702120683,,,,,,4.0,
2024-04-02,Facebook,120207598978660683,120207598978710683,120207605469690683,,,,,,21.0,2.0
2024-04-08,Facebook,120207598978660683,120207598978710683,120207605469690683,,,,,,1.0,
2024-04-05,Facebook,120203630506630592,120203630506660592,120203631766390592,2.0,8.0,199.0,34.0,20.0,56150.0,258.0
2024-04-10,Facebook,120207598978660683,120207606352730683,120207606615110683,,,,,,84.0,3.0
2024-04-10,Facebook,120207598978660683,120207606352730683,120207607083810683,,,,,,9.0,
2024-04-11,Facebook,120203630506630592,120203630506660592,120206151444290592,,,,,,18.0,
2024-04-05,Facebook,120203630506630592,120203630506660592,120207347852260592,,,,,,268.0,
2024-04-10,Facebook,23859030790840682,23859030790930682,120204834856260683,,,,,,7.0,
2024-04-03,Facebook,23859030790840682,23859030790930682,120204834856260683,,,,,,2.0,
2024-04-05,Facebook,120208510961980036,120208510961940036,120208512177820036,,,,,,1.0,
2024-04-03,Facebook,23859030790840682,23859030790930682,23859030790890682,,,,,,281.0,13.0
2024-04-08,Facebook,23859030790840682,23859030790930682,120201038371050683,,,,,,9.0,
2024-04-02,Facebook,23859030790840682,23859030790930682,120201038371050683,,,,,,17.0,1.0
2024-04-03,Facebook,23859030790840682,23861920362640682,120204834707940683,,,,,,4.0,
2024-04-03,Facebook,120203630506630592,120203630506660592,120203631867950592,5.0,29.0,450.0,105.0,69.0,73393.0,497.0
2024-04-04,Facebook,23859030790840682,23859030790930682,23859030790970682,,,,,,14.0,
2024-04-02,Facebook,120208510961980036,120208510961940036,120208511470700036,,,,,,9.0,
2024-04-02,Facebook,23859030790840682,120201741802920683,120201979117570683,,,,,,4.0,
2024-04-01,Facebook,120207598978660683,120207598978710683,120207605469670683,,,,,,3.0,
2024-04-09,Facebook,120207598978660683,120207606352730683,120207606615130683,,,,,,90.0,2.0
2024-04-09,Facebook,120203630506630592,120203630506660592,120207347852260592,,,,,,1173.0,
2024-04-01,Facebook,120203630506630592,120203630506660592,120206151444290592,,,,,,8.0,
2024-04-03,Facebook,120207598978660683,120207606352730683,120207607083810683,,,,,,21.0,1.0
2024-04-09,Facebook,120203630506630592,120203630506660592,120206151444290592,,,,,,20.0,1.0
2024-04-02,Facebook,120207664117560341,120207664117550341,120207664184850341,,,,,,4.0,
2024-04-02,Facebook,23859030790840682,120201741802920683,120201741872690683,0.0,1.0,39.0,3.0,3.0,2628.0,48.0
2024-04-06,Facebook,23859030790840682,120201741802920683,120201741802960683,,,,,,3.0,
2024-04-11,Facebook,120203630506630592,120203630506660592,120203630506670592,,,,,,98.0,2.0
2024-04-03,Facebook,120207598978660683,120207606352730683,120207607083830683,,,,,,4.0,
2024-04-08,Facebook,120207598978660683,120207606352730683,120207606615100683,,,,,,144.0,2.0
2024-04-07,Facebook,120207598978660683,120207606352730683,120207606615100683,,,,,,14.0,
2024-04-06,Facebook,120203630506630592,120203630506660592,120207347898770592,,,,,,6.0,
2024-04-06,Facebook,120203630506630592,120203630506660592,120207033224060592,,,,,,13.0,
2024-04-06,Facebook,120203630506630592,120203630506660592,120207033238140592,,,,,,92.0,
2024-04-06,Facebook,120203630506630592,120203630506660592,120207347892420592,,,,,,827.0,3.0
2024-04-07,Facebook,120203630506630592,120203630506660592,120203631766390592,0.0,11.0,139.0,26.0,20.0,30016.0,162.0
2024-04-07,Facebook,120203630506630592,120203630506660592,120207347852260592,,,,,,234.0,1.0
2024-04-09,Facebook,23859030790840682,23859030790930682,120202376294300683,,,,,,1023.0,28.0
2024-04-03,Facebook,120207598978660683,120207598978710683,120207604702120683,,,,,,1.0,
2024-04-03,Facebook,23859030790840682,23861920362640682,120201038313190683,,,,,,12.0,
2024-04-01,Facebook,23859030790840682,120201741802920683,120201741882810683,,,,,,612.0,14.0
2024-04-05,Facebook,23859030790840682,120201741802920683,120203517272330683,,,,,,128.0,2.0
2024-04-09,Facebook,23859030790840682,23859030790930682,23859030790960682,1.0,1.0,31.0,2.0,2.0,1557.0,35.0
2024-04-10,Facebook,23859030790840682,23859030790930682,120201038371050683,,,,,,17.0,1.0
2024-04-10,Facebook,120207664117560341,120207664117550341,120207664184850341,,,,,,3.0,
2024-04-05,Facebook,120207598978660683,120207598978710683,120208776940630683,,,,,,45.0,1.0
2024-04-07,Facebook,120208510961980036,120208510961940036,120208512177820036,,,,,,9.0,
2024-04-05,Facebook,120207598978660683,120207598978710683,120208776023920683,,,,,,5.0,
2024-04-07,Facebook,120203630506630592,120203630506660592,120206151469040592,,,,,,83.0,
2024-04-03,Facebook,23859030790840682,23861920362640682,23861920362580682,,,,,,2.0,
2024-04-04,Facebook,23859030790840682,120201741802920683,120201979117570683,,,,,,10.0,
2024-04-03,Facebook,120207598978660683,120207606352730683,120207606615130683,,,,,,14.0,
2024-04-06,Facebook,23859030790840682,23859030790930682,120204835491350683,,,,,,3.0,
2024-04-07,Facebook,23859030790840682,23859030790930682,120202284638650683,0.0,0.0,38.0,1.0,1.0,1202.0,34.0
2024-04-05,Facebook,23859030790840682,23859030790930682,120202284638650683,,,,,,1119.0,31.0
2024-04-01,Facebook,23859030790840682,120201741802920683,120203517272330683,,,,,,5.0,1.0
2024-04-08,Facebook,120207598978660683,120207606352730683,120207607083800683,,,,,,22.0,1.0
2024-04-07,Facebook,120207598978660683,120207606352730683,120207607083800683,,,,,,191.0,2.0
2024-04-09,Facebook,120203630506630592,120203630506660592,120207033230670592,,,,,,6.0,
2024-04-05,Facebook,120203630506630592,120203630506660592,120207033230670592,,,,,,8.0,
2024-04-08,Facebook,23859030790840682,23859030790930682,23859030790960682,,,,,,1959.0,36.0
2024-04-01,Facebook,23859030790840682,23859030790980682,23859030790950682,,,,,,207.0,9.0
2024-04-01,Facebook,120208510961980036,120208510961940036,120208511511140036,5.0,43.0,830.0,123.0,91.0,99906.0,883.0
2024-04-09,Facebook,120208510961980036,120208510961940036,120208511511140036,0.0,13.0,453.0,57.0,30.0,56943.0,502.0
2024-04-07,Facebook,120207598978660683,120207598978710683,120208776940630683,,,,,,103.0,1.0
2024-04-08,Facebook,120208510961980036,120208510961940036,120208512177820036,,,,,,3.0,
2024-04-07,Facebook,120207598978660683,120207598978710683,120208776023920683,,,,,,1.0,
2024-04-05,Facebook,120207598978660683,120207606352730683,120207606615140683,,,,,,1441.0,41.0
2024-04-04,Facebook,120203630506630592,120203630506660592,120206151447830592,,,,,,86.0,
2024-04-01,Facebook,23859030790840682,23859030790930682,120202284638650683,0.0,1.0,32.0,5.0,5.0,1391.0,33.0
2024-04-02,Facebook,120203630506630592,120203630506660592,120207033238140592,,,,,,56.0,
2024-04-09,Facebook,120203630506630592,120203630506660592,120207033209930592,,,,,,237.0,1.0
2024-04-03,Facebook,23859030790840682,120201741802920683,120201741872690683,1.0,1.0,20.0,2.0,2.0,1394.0,27.0
2024-04-07,Facebook,120203630506630592,120203630506660592,120206151458400592,,,,,,15.0,
2024-04-10,Facebook,23859030790840682,120201741802920683,120201741872690683,,,,,,905.0,17.0
2024-04-03,Facebook,120203630506630592,120203630506660592,120206151429770592,,,,,,46.0,
2024-04-01,Facebook,120207598978660683,120207606352730683,120207607083790683,,,,,,222.0,6.0
2024-04-09,Facebook,120207598978660683,120207606352730683,120207607083790683,,,,,,4.0,
2024-04-06,Facebook,120203630506630592,120203630506660592,120206151447830592,,,,,,31.0,
2024-04-07,Facebook,120207598978660683,120207606352730683,120207606615120683,,,,,,264.0,1.0
2024-04-01,Facebook,23859030790840682,120201741802920683,120201741888490683,,,,,,2673.0,69.0
2024-04-04,Facebook,120207598978660683,120207598978710683,120207658328400683,,,,,,87.0,3.0
2024-04-05,Facebook,23859030790840682,23859030790930682,120201979124270683,,,,,,53.0,
2024-04-03,Facebook,23859030790840682,23859030790980682,23859030790830682,,,,,,29.0,
2024-04-06,Facebook,23859030790840682,120201741802920683,120203517272330683,,,,,,7.0,1.0
2024-04-10,Facebook,23859030790840682,120201741802920683,120204834625400683,,,,,,5.0,
2024-04-03,Facebook,23859030790840682,120201741802920683,120204834625400683,,,,,,1.0,
2024-04-04,Facebook,120207664117560341,120207664117550341,120207664399630341,1.0,56.0,898.0,137.0,100.0,114053.0,882.0
2024-04-10,Facebook,23859030790840682,23859030790930682,120204835491340683,,,,,,21.0,
2024-04-10,Facebook,23859030790840682,23859030790930682,120204834856250683,,,,,,5.0,
2024-04-05,Facebook,23859030790840682,120201741802920683,120208097327310683,,,,,,312.0,18.0
2024-04-02,Facebook,120203630506630592,120203630506660592,120207347910290592,,,,,,31.0,
2024-04-05,Facebook,120207598978660683,120207606352730683,120207607083780683,,,,,,23.0,
2024-04-01,Facebook,120207598978660683,120207598978710683,120207658328390683,2.0,8.0,389.0,33.0,32.0,8889.0,412.0
2024-04-02,Facebook,23859030790840682,23859030790930682,23859030790910682,1.0,0.0,38.0,2.0,2.0,2403.0,44.0
2024-04-10,Facebook,120207598978660683,120207606352730683,120207607083820683,,,,,,9.0,
2024-04-04,Facebook,23859030790840682,120201741802920683,120204834625390683,,,,,,8.0,
2024-04-03,Facebook,120207598978660683,120207606352730683,120207607083820683,,,,,,17.0,
2024-04-08,Facebook,23859030790840682,120201741802920683,120204834625390683,,,,,,1.0,
2024-04-08,Facebook,120207664117560341,120207664117550341,120207664290510341,,,,,,3.0,
2024-04-10,Facebook,23859030790840682,120201741802920683,120204834625390683,,,,,,2.0,
2024-04-05,Facebook,120207598978660683,120207598978710683,120207660608920683,,,,,,17.0,
2024-04-05,Facebook,23859030790840682,120201741802920683,120201741882810683,,,,,,1375.0,38.0
2024-04-04,Facebook,120207598978660683,120207598978710683,120207604702090683,1.0,4.0,198.0,8.0,8.0,3555.0,216.0
2024-04-03,Facebook,23859030790840682,23861920362640682,120201172455720683,,,,,,26.0,
2024-04-04,Facebook,120207598978660683,120207598978710683,120207605469670683,,,,,,7.0,
2024-04-02,Facebook,120207598978660683,120207598978710683,120207605469670683,,,,,,15.0,
2024-04-06,Facebook,120207598978660683,120207598978710683,120207605469670683,,,,,,9.0,
2024-04-02,Facebook,23859030790840682,23861920362640682,120201172455720683,,,,,,40.0,1.0
2024-04-09,Facebook,23859030790840682,23859030790930682,120204834856230683,,,,,,5.0,
2024-04-06,Facebook,23859030790840682,23859030790930682,120200580263050683,,,,,,13.0,
2024-04-02,Facebook,120203630506630592,120203630506660592,120206151444290592,,,,,,22.0,
2024-04-04,Facebook,120207664117560341,120207664117550341,120207664117570341,,,,,,5.0,1.0
2024-04-10,Facebook,120207598978660683,120207598978710683,120208776602150683,,,,,,5.0,
2024-04-01,Facebook,23859030790840682,23859030790930682,23859030790900682,0.0,0.0,50.0,4.0,4.0,2086.0,54.0
2024-04-09,Facebook,23859030790840682,23859030790930682,23859030790900682,,,,,,614.0,11.0
2024-04-08,Facebook,23859030790840682,120201741802920683,120208097327310683,,,,,,19.0,
2024-04-09,Facebook,120203630506630592,120203630506660592,120207033137700592,,,,,,54.0,
2024-04-09,Facebook,120203630506630592,120203630506660592,120207347910290592,,,,,,3.0,
2024-04-09,Facebook,120203630506630592,120203630506660592,120207033218670592,,,,,,9.0,
2024-04-11,Facebook,23859030790840682,23859030790930682,120204834856230683,,,,,,8.0,
2024-04-05,Facebook,23859030790840682,23859030790930682,120204834856230683,,,,,,26.0,
2024-04-02,Facebook,120207598978660683,120207598978710683,120207605469700683,1.0,1.0,128.0,7.0,7.0,3492.0,132.0
2024-04-02,Facebook,120207598978660683,120207598978710683,120208097206700683,0.0,2.0,311.0,15.0,16.0,6789.0,330.0
2024-04-04,Facebook,120207598978660683,120207598978710683,120207605469700683,0.0,1.0,121.0,6.0,5.0,3797.0,132.0
2024-04-10,Facebook,23859030790840682,23859030790930682,120204834856240683,,,,,,7.0,1.0
2024-04-08,Facebook,120207598978660683,120207598978710683,120207605469700683,,,,,,28.0,1.0
2024-04-06,Facebook,120203630506630592,120203630506660592,120207033209930592,,,,,,141.0,2.0
2024-04-05,Facebook,120203630506630592,120203630506660592,120207033218670592,,,,,,19.0,
2024-04-09,Facebook,120203630506630592,120203630506660592,120203631867950592,1.0,5.0,288.0,49.0,33.0,41729.0,317.0
2024-04-01,Facebook,120207598978660683,120207606352730683,120207607083820683,,,,,,96.0,2.0
2024-04-06,Facebook,120203630506630592,120203630506660592,120206151444290592,,,,,,5.0,
2024-04-04,Facebook,23859030790840682,120201741802920683,120201741802970683,,,,,,1.0,
2024-04-06,Facebook,120203630506630592,120203630506660592,120207347852260592,,,,,,307.0,
2024-04-05,Facebook,120207664117560341,120207664117550341,120207664117570341,,,,,,2.0,
2024-04-05,Facebook,120207598978660683,120207606352730683,120207606615110683,,,,,,173.0,6.0
2024-04-07,Facebook,120207598978660683,120207598978710683,120207660608900683,,,,,,1.0,
2024-04-10,Facebook,120207598978660683,120207598978710683,120207605469710683,,,,,,7.0,
2024-04-05,Facebook,120207598978660683,120207598978710683,120207605469690683,,,,,,16.0,
2024-04-04,Facebook,23859030790840682,120201741802920683,120201741882810683,,,,,,1457.0,30.0
2024-04-11,Facebook,23859030790840682,23859030790930682,120204834856260683,,,,,,3.0,
2024-04-09,Facebook,23859030790840682,23859030790930682,120204834856260683,,,,,,7.0,
2024-04-03,Facebook,120207598978660683,120207598978710683,120207605469700683,0.0,3.0,101.0,8.0,8.0,2694.0,90.0
2024-04-03,Facebook,120207598978660683,120207598978710683,120208097206700683,,,,,,2791.0,106.0
2024-04-05,Facebook,23859030790840682,120201741802920683,120201741872690683,0.0,1.0,18.0,3.0,3.0,1149.0,24.0
2024-04-02,Facebook,120208510961980036,120208510961940036,120208512177820036,,,,,,6.0,
2024-04-04,Facebook,120203630506630592,120203630506660592,120206151454080592,,,,,,17.0,
2024-04-07,Facebook,23859030790840682,23859030790930682,120204834856260683,,,,,,6.0,
2024-04-06,Facebook,120207598978660683,120207606352730683,120207606615140683,0.0,2.0,68.0,10.0,10.0,2935.0,83.0
2024-04-01,Facebook,23859030790840682,23859030790930682,23859030790890682,,,,,,255.0,4.0
2024-04-01,Facebook,23859030790840682,23859030790930682,120201038371050683,,,,,,14.0,
2024-04-09,Facebook,23859030790840682,23859030790930682,120201038371050683,,,,,,18.0,1.0
2024-04-05,Facebook,23859030790840682,23859030790930682,23859030790890682,,,,,,406.0,13.0
2024-04-02,Facebook,23859030790840682,23861920362640682,120204834707910683,,,,,,56.0,3.0
2024-04-04,Facebook,23859030790840682,120201741802920683,120201741888490683,0.0,3.0,615.0,28.0,28.0,29024.0,737.0
2024-04-10,Facebook,23859030790840682,23859030790930682,120204835491350683,,,,,,9.0,
2024-04-03,Facebook,120203630506630592,120203630506660592,120203630506670592,0.0,1.0,1.0,1.0,1.0,518.0,2.0
2024-04-04,Facebook,23859030790840682,23859030790930682,120202284638650683,0.0,1.0,45.0,4.0,4.0,1498.0,47.0
2024-04-11,Facebook,23859030790840682,23859030790930682,120202284638650683,0.0,1.0,18.0,1.0,1.0,1447.0,34.0
2024-04-02,Facebook,23859030790840682,23861920362640682,23861920362580682,,,,,,5.0,
2024-04-01,Facebook,120207598978660683,120207606352730683,120207606615100683,,,,,,130.0,2.0
2024-04-02,Facebook,120207598978660683,120207606352730683,120207606615130683,,,,,,27.0,
2024-04-01,Facebook,23859030790840682,23861920362640682,120201172455720683,,,,,,16.0,
2024-04-07,Facebook,23859030790840682,120201741802920683,120202376082920683,,,,,,35.0,
2024-04-02,Facebook,120203630506630592,120203630506660592,120203630506670592,,,,,,853.0,3.0
2024-04-05,Facebook,120207598978660683,120207606352730683,120207607083830683,,,,,,41.0,
2024-04-08,Facebook,120203630506630592,120203630506660592,120203630506670592,,,,,,596.0,9.0
2024-04-07,Facebook,23859030790840682,120201741802920683,120202284364790683,0.0,0.0,56.0,3.0,3.0,1686.0,62.0
2024-04-01,Facebook,120207598978660683,120207598978710683,120208097119580683,,,,,,28.0,
2024-04-04,Facebook,23859030790840682,120201741802920683,120202284364790683,0.0,1.0,25.0,1.0,1.0,1367.0,31.0
2024-04-08,Facebook,23859030790840682,120201741802920683,120203517272330683,,,,,,10.0,
2024-04-01,Facebook,23859030790840682,120201741802920683,120202284364790683,,,,,,1454.0,29.0
2024-04-09,Facebook,23859030790840682,120201741802920683,120202284364790683,,,,,,796.0,14.0
2024-04-01,Facebook,23859030790840682,23861920362640682,120201038313190683,,,,,,13.0,1.0
2024-04-01,Facebook,23859030790840682,23861920362640682,120200811884710683,,,,,,149.0,3.0
2024-04-11,Facebook,120203630506630592,120203630506660592,120203631766390592,0.0,2.0,36.0,7.0,4.0,7220.0,29.0
2024-04-09,Facebook,120203630506630592,120203630506660592,120203631766390592,0.0,8.0,146.0,25.0,18.0,33793.0,177.0
2024-04-08,Facebook,23859030790840682,23859030790930682,120202376294300683,,,,,,992.0,37.0
2024-04-10,Facebook,120207664117560341,120207664117550341,120207664117570341,,,,,,2.0,
2024-04-11,Facebook,120203630506630592,120203630506660592,120207347852260592,,,,,,94.0,
2024-04-07,Facebook,120207598978660683,120207606352730683,120207607083810683,,,,,,12.0,
2024-04-07,Facebook,23859030790840682,23859030790930682,120202376294300683,,,,,,802.0,26.0
2024-04-09,Facebook,120207664117560341,120207664117550341,120207664184850341,,,,,,6.0,
2024-04-10,Facebook,23859030790840682,120201741802920683,120201741882810683,,,,,,230.0,9.0
2024-04-09,Facebook,120207598978660683,120207606352730683,120207607083800683,,,,,,463.0,3.0
2024-04-05,Facebook,120207598978660683,120207606352730683,120207607083800683,,,,,,7.0,1.0
2024-04-01,Facebook,23859030790840682,23859030790930682,120204834856230683,,,,,,2.0,
2024-04-07,Facebook,120207598978660683,120207598978710683,120207604702120683,,,,,,1.0,
2024-04-03,Facebook,23859030790840682,23859030790930682,120202376294300683,0.0,1.0,71.0,8.0,8.0,2669.0,73.0
2024-04-02,Facebook,120203630506630592,120203630506660592,120203631766390592,2.0,16.0,302.0,51.0,36.0,76334.0,393.0
2024-04-08,Facebook,120203630506630592,120203630506660592,120203631766390592,1.0,3.0,163.0,25.0,18.0,44486.0,197.0
2024-04-04,Facebook,120207598978660683,120207606352730683,120207606615110683,,,,,,86.0,4.0
2024-04-08,Facebook,120203630506630592,120203630506660592,120206151444290592,,,,,,12.0,
2024-04-08,Facebook,120203630506630592,120203630506660592,120207347852260592,,,,,,796.0,
2024-04-08,Facebook,23859030790840682,120201741802920683,120201741802970683,,,,,,1.0,
2024-04-04,Facebook,120207598978660683,120207598978710683,120208776940630683,,,,,,133.0,2.0
2024-04-03,Facebook,120208510961980036,120208510961940036,120208511511140036,2.0,30.0,891.0,115.0,89.0,91055.0,881.0
2024-04-07,Facebook,120208510961980036,120208510961940036,120208511511140036,1.0,30.0,1145.0,150.0,83.0,131144.0,1167.0
2024-04-05,Facebook,23859030790840682,23859030790930682,23859030790960682,0.0,2.0,43.0,3.0,3.0,2800.0,54.0
2024-04-11,Facebook,23859030790840682,23859030790930682,23859030790960682,,,,,,2561.0,52.0
2024-04-06,Facebook,120207598978660683,120207606352730683,120207607083780683,,,,,,1.0,
2024-04-04,Facebook,23859030790840682,23859030790930682,120200811888030683,,,,,,9.0,
2024-04-02,Facebook,120208510961980036,120208510961940036,120208511814890036,,,,,,2.0,
2024-04-08,Facebook,23859030790840682,23859030790930682,120200811888030683,,,,,,2.0,
2024-04-10,Facebook,120203630506630592,120203630506660592,120207347910290592,,,,,,9.0,
2024-04-02,Facebook,120203630506630592,120203630506660592,120207347852260592,,,,,,341.0,2.0
2024-04-04,Facebook,120203630506630592,120203630506660592,120206151444290592,,,,,,20.0,
2024-04-01,Facebook,120207598978660683,120207606352730683,120207607083810683,,,,,,9.0,
2024-04-09,Facebook,120207598978660683,120207606352730683,120207606615110683,,,,,,8.0,1.0
2024-04-01,Facebook,120207598978660683,120207606352730683,120207606615110683,,,,,,140.0,5.0
2024-04-05,Facebook,120207598978660683,120207606352730683,120207607083810683,,,,,,11.0,
2024-04-08,Facebook,120207598978660683,120207598978710683,120207660608920683,,,,,,1.0,
2024-04-02,Facebook,120207598978660683,120207606352730683,120207607083790683,,,,,,9.0,
2024-04-04,Facebook,23859030790840682,120201741802920683,120201741872690683,0.0,1.0,29.0,2.0,2.0,1770.0,32.0
2024-04-08,Facebook,23859030790840682,120201741802920683,120201741872690683,1.0,1.0,26.0,3.0,3.0,1508.0,29.0
2024-04-06,Facebook,120203630506630592,120203630506660592,120206151429770592,,,,,,37.0,
2024-04-07,Facebook,120207598978660683,120207606352730683,120207607083790683,,,,,,64.0,
2024-04-01,Facebook,23859030790840682,23861920362640682,120204834707920683,,,,,,3.0,
2024-04-03,Facebook,23859030790840682,120201741802920683,120201741888490683,0.0,4.0,523.0,33.0,33.0,26322.0,657.0
2024-04-03,Facebook,120207598978660683,120207598978710683,120207658328400683,,,,,,88.0,
2024-04-10,Facebook,120207598978660683,120207598978710683,120207658328400683,,,,,,55.0,
2024-04-10,Facebook,23859030790840682,23859030790930682,23859030790970682,,,,,,22.0,
2024-04-02,Facebook,120207598978660683,120207598978710683,120207604702090683,,,,,,76.0,3.0
2024-04-08,Facebook,23859030790840682,23859030790930682,120204834856260683,,,,,,7.0,
2024-04-04,Facebook,23859030790840682,23859030790930682,120204834856260683,,,,,,8.0,
2024-04-06,Facebook,23859030790840682,120201741802920683,120202376082920683,,,,,,21.0,
2024-04-03,Facebook,23859030790840682,23859030790930682,120202284638650683,,,,,,1777.0,34.0
2024-04-11,Facebook,120208510961980036,120208510961940036,120208511511140036,0.0,0.0,12.0,0.0,0.0,,
2024-04-03,Facebook,23859030790840682,23861920362640682,120204834707910683,,,,,,53.0,
2024-04-10,Facebook,120203630506630592,120203630506660592,120203630506670592,,,,,,317.0,2.0
2024-04-05,Facebook,23859030790840682,120201741802920683,120201741888490683,0.0,1.0,140.0,8.0,8.0,6444.0,169.0
2024-04-05,Facebook,120207598978660683,120207598978710683,120207658328400683,,,,,,44.0,1.0
2024-04-08,Facebook,23859030790840682,120201741802920683,120202284364790683,,,,,,971.0,20.0
2024-04-03,Facebook,23859030790840682,120201741802920683,120201741802960683,,,,,,26.0,2.0
2024-04-01,Facebook,120203630506630592,120203630506660592,120206151469040592,,,,,,103.0,
2024-04-09,Facebook,120203630506630592,120203630506660592,120206151469040592,,,,,,74.0,1.0
2024-04-02,Facebook,23859030790840682,23861920362640682,120202376221700683,,,,,,1036.0,34.0
2024-04-11,Facebook,23859030790840682,23859030790930682,23859030790900682,,,,,,1485.0,31.0
2024-04-10,Facebook,120207664117560341,120207664117550341,120207664399630341,1.0,47.0,657.0,125.0,100.0,68533.0,624.0
2024-04-01,Facebook,23859030790840682,120201741802920683,120208097327310683,0.0,6.0,554.0,31.0,31.0,25808.0,662.0
2024-04-05,Facebook,120203630506630592,120203630506660592,120207033137700592,,,,,,56.0,
2024-04-04,Facebook,120208510961980036,120208510961940036,120208511814890036,,,,,,1.0,
2024-04-09,Facebook,23859030790840682,120201741802920683,120208097327310683,,,,,,264.0,4.0
2024-04-08,Facebook,120207598978660683,120207606352730683,120207606615130683,,,,,,15.0,
2024-04-07,Facebook,120207598978660683,120207598978710683,120207605469670683,,,,,,6.0,
2024-04-05,Facebook,23859030790840682,120201741802920683,120201979117570683,,,,,,51.0,1.0
2024-04-10,Facebook,120203630506630592,120203630506660592,120203631766390592,0.0,5.0,110.0,14.0,8.0,28414.0,152.0
2024-04-03,Facebook,120203630506630592,120203630506660592,120207347892420592,,,,,,1712.0,11.0
2024-04-10,Facebook,120203630506630592,120203630506660592,120207347898770592,,,,,,65.0,1.0
2024-04-04,Facebook,23859030790840682,23859030790930682,120204834856240683,,,,,,20.0,1.0
2024-04-03,Facebook,120203630506630592,120203630506660592,120207033238140592,,,,,,132.0,
2024-04-03,Facebook,120203630506630592,120203630506660592,120207033224060592,,,,,,48.0,
2024-04-03,Facebook,120203630506630592,120203630506660592,120207347898770592,,,,,,31.0,
2024-04-11,Facebook,120203630506630592,120203630506660592,120207033238140592,,,,,,127.0,
2024-04-11,Facebook,120203630506630592,120203630506660592,120203631867950592,0.0,2.0,117.0,21.0,15.0,14873.0,105.0
2024-04-05,Facebook,120203630506630592,120203630506660592,120203631867950592,5.0,23.0,342.0,69.0,50.0,48750.0,396.0
2024-04-11,Facebook,120203630506630592,120203630506660592,120206151469040592,,,,,,76.0,
2024-04-05,Facebook,120203630506630592,120203630506660592,120206151458400592,,,,,,48.0,
2024-04-05,Facebook,23859030790840682,120201741802920683,120202376082920683,,,,,,89.0,3.0
2024-04-05,Facebook,120207598978660683,120207598978710683,120207660608910683,,,,,,2.0,
2024-04-03,Facebook,23859030790840682,23859030790930682,23859030790970682,,,,,,8.0,
2024-04-02,Facebook,120207598978660683,120207598978710683,120208097119580683,,,,,,575.0,36.0
2024-04-03,Facebook,120207598978660683,120207598978710683,120208097259250683,,,,,,54.0,2.0
2024-04-03,Facebook,120207598978660683,120207598978710683,120207605469670683,,,,,,6.0,
2024-04-03,Facebook,23859030790840682,120201741802920683,120201979117570683,,,,,,6.0,
2024-04-01,Facebook,120207598978660683,120207598978710683,120207605469690683,,,,,,32.0,4.0
2024-04-01,Facebook,120207598978660683,120207598978710683,120207604702120683,,,,,,3.0,
2024-04-04,Facebook,23859030790840682,23859030790930682,120202376294300683,,,,,,2112.0,73.0
2024-04-10,Facebook,120203630506630592,120203630506660592,120206151444290592,,,,,,30.0,
2024-04-07,Facebook,120207598978660683,120207606352730683,120207606615110683,,,,,,271.0,5.0
2024-04-03,Facebook,120203630506630592,120203630506660592,120207347852260592,,,,,,526.0,1.0
2024-04-03,Facebook,120203630506630592,120203630506660592,120206151444290592,,,,,,14.0,
2024-04-07,Facebook,23859030790840682,120201741802920683,120201741882810683,,,,,,596.0,7.0
2024-04-03,Facebook,23859030790840682,120201741802920683,120201741882810683,,,,,,1672.0,40.0
2024-04-01,Facebook,120207664117560341,120207664117550341,120207664184850341,,,,,,3.0,
2024-04-07,Facebook,120207598978660683,120207598978710683,120207660608920683,,,,,,7.0,
2024-04-03,Facebook,120207598978660683,120207606352730683,120207607083800683,,,,,,83.0,
2024-04-04,Facebook,120207598978660683,120207598978710683,120208776023920683,,,,,,23.0,
2024-04-10,Facebook,120208510961980036,120208510961940036,120208512177820036,,,,,,1.0,
2024-04-02,Facebook,120208510961980036,120208510961940036,120208511511140036,2.0,42.0,889.0,118.0,96.0,91561.0,895.0
2024-04-08,Facebook,120208510961980036,120208510961940036,120208511511140036,1.0,29.0,777.0,123.0,70.0,86881.0,777.0
2024-04-04,Facebook,23859030790840682,23861920362640682,120201979076540683,,,,,,1.0,
2024-04-03,Facebook,23859030790840682,23859030790980682,23859030790950682,,,,,,97.0,2.0
2024-04-06,Facebook,23859030790840682,23859030790930682,120204834856240683,,,,,,9.0,
2024-04-08,Facebook,120207598978660683,120207606352730683,120207607083790683,,,,,,39.0,2.0
2024-04-11,Facebook,120203630506630592,120203630506660592,120206151458400592,,,,,,16.0,
2024-04-02,Facebook,120207598978660683,120207606352730683,120207606615140683,0.0,0.0,23.0,6.0,6.0,1035.0,29.0
2024-04-04,Facebook,120207598978660683,120207606352730683,120207606615120683,,,,,,208.0,2.0
2024-04-08,Facebook,23859030790840682,23859030790930682,120202284638650683,,,,,,593.0,12.0
2024-04-07,Facebook,120207598978660683,120207598978710683,120207658328400683,,,,,,29.0,
2024-04-10,Facebook,23859030790840682,120201741802920683,120203517272330683,,,,,,6.0,
2024-04-05,Facebook,23859030790840682,23859030790930682,120204835491340683,,,,,,47.0,1.0
2024-04-07,Facebook,23859030790840682,120201741802920683,120201741802950683,,,,,,18.0,
2024-04-03,Facebook,23859030790840682,120201741802920683,120201741802950683,,,,,,9.0,
2024-04-01,Facebook,23859030790840682,120201741802920683,120208097717820683,,,,,,519.0,13.0
2024-04-09,Facebook,23859030790840682,120201741802920683,120208097717820683,,,,,,172.0,9.0
2024-04-01,Facebook,120207598978660683,120207598978710683,120207658328380683,,,,,,3.0,
2024-04-06,Facebook,120203630506630592,120203630506660592,120206151469040592,,,,,,80.0,
2024-04-03,Facebook,120207664117560341,120207664117550341,120207664399630341,4.0,77.0,1141.0,199.0,140.0,132447.0,1105.0
2024-04-03,Facebook,120203630506630592,120203630506660592,120206151462140592,,,,,,53.0,
2024-04-03,Facebook,120207598978660683,120207598978710683,120207658328380683,,,,,,7.0,
2024-04-01,Facebook,120203630506630592,120203630506660592,120207033137700592,,,,,,55.0,1.0
2024-04-02,Facebook,23859030790840682,23861920362640682,120202284614640683,,,,,,324.0,6.0
2024-04-01,Facebook,120203630506630592,120203630506660592,120207033218670592,,,,,,46.0,
2024-04-02,Facebook,23859030790840682,23859030790930682,120200811888030683,,,,,,84.0,3.0
2024-04-09,Facebook,120208510961980036,120208510961940036,120208511470700036,,,,,,6.0,
2024-04-06,Facebook,120207598978660683,120207606352730683,120207607083820683,,,,,,40.0,
2024-04-01,Facebook,120208510961980036,120208510961940036,120208510961990036,,,,,,9.0,
2024-04-09,Facebook,23859030790840682,120201741802920683,120204834625390683,,,,,,3.0,
2024-04-08,Facebook,120203630506630592,120203630506660592,120206151469040592,,,,,,171.0,
2024-04-07,Facebook,120207598978660683,120207606352730683,120207607083820683,,,,,,12.0,
2024-04-06,Facebook,23859030790840682,23859030790930682,23859030790970682,,,,,,8.0,
2024-04-09,Facebook,120207664117560341,120207664117550341,120207664290510341,,,,,,3.0,
2024-04-10,Facebook,23859030790840682,23859030790930682,120200580263050683,,,,,,2.0,
2024-04-10,Facebook,23859030790840682,23859030790930682,120201172469810683,,,,,,808.0,25.0
2024-04-03,Facebook,23859030790840682,23859030790930682,120203517591390683,,,,,,1.0,
2024-04-06,Facebook,120207598978660683,120207598978710683,120208776830590683,,,,,,17.0,
2024-04-06,Facebook,120207598978660683,120207598978710683,120208776602150683,,,,,,53.0,
2024-04-01,Facebook,23859030790840682,23861920362640682,120204834707930683,,,,,,2.0,
2024-04-06,Facebook,120207598978660683,120207606352730683,120207607083800683,,,,,,597.0,9.0
2024-04-04,Facebook,120207664117560341,120207664117550341,120207664184850341,,,,,,4.0,
2024-04-01,Facebook,23859030790840682,23859030790930682,23859030790960682,0.0,1.0,30.0,2.0,2.0,1972.0,39.0
2024-04-10,Facebook,120208510961980036,120208510961940036,120208511511140036,1.0,7.0,235.0,41.0,25.0,23605.0,239.0
2024-04-02,Facebook,120207598978660683,120207598978710683,120207605469710683,,,,,,4.0,
2024-04-08,Facebook,120207598978660683,120207598978710683,120208776023920683,,,,,,2.0,
2024-04-01,Facebook,120208510961980036,120208510961940036,120208512177820036,,,,,,2.0,
2024-04-08,Facebook,120207598978660683,120207598978710683,120208776940630683,,,,,,32.0,
2024-04-05,Facebook,120207598978660683,120207606352730683,120207606352940683,,,,,,860.0,10.0
2024-04-02,Facebook,23859030790840682,23859030790930682,120204834856240683,,,,,,7.0,
2024-04-08,Facebook,23859030790840682,23859030790930682,120204834856240683,,,,,,8.0,
2024-04-10,Facebook,120203630506630592,120203630506660592,120207033209930592,,,,,,181.0,
2024-04-09,Facebook,120203630506630592,120203630506660592,120207033238140592,,,,,,141.0,
2024-04-08,Facebook,120207598978660683,120207606352730683,120207606615120683,,,,,,264.0,
2024-04-05,Facebook,120203630506630592,120203630506660592,120206151447830592,,,,,,56.0,
2024-04-06,Facebook,23859030790840682,23859030790930682,120201038371050683,,,,,,24.0,1.0
2024-04-02,Facebook,23859030790840682,23861920362640682,120200811884710683,,,,,,3.0,
2024-04-01,Facebook,120207598978660683,120207598978710683,120208097206700683,,,,,,52.0,1.0
2024-04-01,Facebook,120203630506630592,120203630506660592,120207347892420592,,,,,,408.0,4.0
2024-04-01,Facebook,120203630506630592,120203630506660592,120207033224060592,,,,,,12.0,
2024-04-10,Facebook,120207598978660683,120207606352730683,120207607083790683,,,,,,1.0,
2024-04-04,Facebook,120203630506630592,120203630506660592,120206151458400592,,,,,,78.0,
2024-04-02,Facebook,120203630506630592,120203630506660592,120206151429770592,,,,,,48.0,1.0
2024-04-04,Facebook,120203630506630592,120203630506660592,120206151429770592,,,,,,56.0,
2024-04-04,Facebook,23859030790840682,120201741802920683,120202376082920683,,,,,,399.0,22.0
2024-04-06,Facebook,120203630506630592,120203630506660592,120203631766390592,0.0,8.0,143.0,30.0,22.0,28647.0,173.0
2024-04-04,Facebook,120207598978660683,120207598978710683,120208776830590683,,,,,,88.0,1.0
2024-04-08,Facebook,120207598978660683,120207598978710683,120208776830590683,,,,,,2.0,
2024-04-05,Facebook,120203630506630592,120203630506660592,120206151444290592,,,,,,11.0,
2024-04-06,Facebook,120207598978660683,120207606352730683,120207606352940683,,,,,,111.0,3.0
2024-04-06,Facebook,23859030790840682,23859030790930682,23859030790960682,0.0,1.0,37.0,3.0,3.0,2184.0,45.0
2024-04-02,Facebook,23859030790840682,23861920362640682,120201979076540683,,,,,,1.0,
2024-04-07,Facebook,120207598978660683,120207598978710683,120207605469710683,,,,,,6.0,
2024-04-07,Facebook,23859030790840682,120201741802920683,120201741888490683,1.0,1.0,150.0,9.0,9.0,7811.0,180.0
2024-04-03,Facebook,23859030790840682,23859030790930682,120201979124270683,,,,,,5.0,
2024-04-04,Facebook,23859030790840682,23859030790980682,23859030790830682,,,,,,7.0,
2024-04-03,Facebook,23859030790840682,23859030790930682,120201038371050683,,,,,,15.0,1.0
2024-04-02,Facebook,120207598978660683,120207606352730683,120207606615120683,,,,,,95.0,2.0
2024-04-07,Facebook,23859030790840682,23859030790930682,120201038371050683,,,,,,29.0,3.0
2024-04-04,Facebook,23859030790840682,23861920362640682,120204834707910683,,,,,,12.0,
2024-04-10,Facebook,23859030790840682,23859030790930682,23859030790890682,,,,,,53.0,1.0
2024-04-01,Facebook,23859030790840682,23859030790930682,120201979124270683,,,,,,4.0,
2024-04-01,Facebook,23859030790840682,23859030790930682,120204835491350683,,,,,,9.0,
2024-04-01,Facebook,120203630506630592,120203630506660592,120203630506670592,1.0,1.0,4.0,1.0,1.0,788.0,5.0
2024-04-09,Facebook,120203630506630592,120203630506660592,120203630506670592,,,,,,579.0,2.0
2024-04-06,Facebook,120207598978660683,120207598978710683,120207660608910683,,,,,,3.0,
2024-04-03,Facebook,120207598978660683,120207606352730683,120207606615100683,,,,,,99.0,1.0
2024-04-04,Facebook,23859030790840682,120201741802920683,120203517272330683,,,,,,5.0,
