timestamp,id,funnel_id,total_price,without_discount_price,variant_item_1,variant_item_2,variant_item_3,variant_item_4,variant_item_5
2024-04-01 15:56:22.054000,ajs-next-e4b6631094d254768d88850def35eae0,71,45,null,TRU-SPB-10022-S-BLK,,,,
2024-04-11 01:39:25.585000,ajs-next-aa4353499eba50721b8a2438e06cb623,71,67.5,null,TRU-SPB-10022-XL-BGE,,,,
2024-03-26 17:42:31.205000,ajs-next-eff924e5668483ae8ad41ce25b60a9d9,68,26.48,null,SHE-HWS-55021-S-BGE,,,,
2024-03-28 17:53:46.210000,ajs-next-1519faad553c6c43b2082c2f209aeac6,573,34.99,null,TRU-LAB3-10210-L-BLK,,,,
2024-03-28 17:53:46.210000,ajs-next-1519faad553c6c43b2082c2f209aeac6,573,34.99,null,TRU-LAB3-10210-L-BLK,,,,
2024-02-18 00:12:56.421000,ajs-next-8d74d591dbbd3dc353708080e87c35e3,256,92.97,null,TRU-MSB-51422-014-BLK,TRU-MSB-51422-014-BLK,TRU-MSB-51422-014-BLK,SMNT-SKL-22408-S-L-BLK,SHE-HWL-42075-L-BLK
2024-03-07 18:10:14.033000,ajs-next-bcd61acf287952b03d1ee57f7652f393,66,58.98,null,SMNT-WB-22428-LTGRAY,TRU-CSB-10400-3XL-BGE,SHE-SNB-95001-3XL-RED,,
2024-02-19 08:57:14.107000,ajs-next-1358b4e81e1c0cb6905228571d84de46,-1,55.97,null,EMP-HWL-42002-L-BLK,SHE-CSL-41402-XL-BLK,,,
2024-03-07 11:49:16.859000,ajs-next-8ad290c70de2934b51d8dd0f2f2d8985,71,54.99,null,TRU-SPB-10022-S-RST,,,,
2024-03-11 15:13:24.129000,ajs-next-55d48ca50041c9383e86a927e2e965d8,493,55.8,null,TRU-SPB-10022-S-BLK,,,,
2024-03-27 13:31:36.254000,ajs-next-f9800a1a7be96acef15ea2b154966bd0,60,41.98,null,SHE-HWS-55021-XLXXL-BLK,,,,
2024-03-19 15:43:55.590000,ajs-next-1bf2849b24f9980f79e56d969587774e,71,28.99,null,TRU-SPB-10022-S-BLK,,,,
2024-04-11 15:10:02.785000,ajs-next-753f7223e6d40134a04f2c12cd1b981b,303,89.97,null,SHE-SP-54008-XLXXL-BLK,SHE-TKC-62008-XL-BGE,TRU-LAB-10210-2XL-RST,TRU-LAB3-10210-2XL-BGE,
2024-04-11 15:46:41.349000,ajs-next-66c95f1737f6f863b5e7e95143846431,68,51.98,null,SHE-HWS-55021-XLXXL-BLK,SHE-HWS-55021-XLXXL-LAT,,,
2024-04-11 15:33:50.909000,ajs-next-4a0217ba6bca9c29ae5fc38f060b7b3e,66,29.42,null,SHE-SP-54008-XLXXL-BLK,EMP-HWS-55020-XLXXL-BLK,,,
2024-04-11 16:22:45.868000,ajs-next-82d8b6d9105ce58493da425a56fd3419,69,18.99,null,EMP-HWT-98099-L-NUD,,,,
2024-04-08 06:50:14.079000,ajs-next-4950ae35d4f583d9ec6c866b653adc0c,66,39.98,null,SMNT-WB-22428-LTGRAY,EMP-HWBS-18437-XL-BLK,EMP-HWBS-18437-XL-NUD,,
2024-04-01 18:45:14.493000,ajs-next-2cd3c3784b21ded58c7d538427f0fbf1,71,45,null,TRU-SPB-10022-S-BLK,,,,
2024-02-13 13:15:27.014000,ajs-next-e6fac8fbc613141937dbc55b2df9c9b4,71,45,null,TRU-SPB-10022-S-BLK,,,,
2024-02-02 22:58:42.468000,ajs-next-3bf89e95f687df6c39f0ee58bdb303a5,63,33.12,null,SHE-SNC-62001-S-BLK,,,,
2024-04-11 12:07:06.912000,ajs-next-2944607499d246fac4e3cbe936b2b2dc,70,30.99,null,EMP-HWL-42075-2XL-BLK,,,,
2024-03-06 17:38:11.476000,ajs-next-bcd4e1f12ee53f89dac7f956e5558815,71,54.99,null,TRU-SPB-10022-S-RST,,,,
2024-02-20 21:52:47.698000,ajs-next-8073b7c933e97b270a2ec95b8ab7490f,303,32.99,null,TRU-LAB3-10210-XL-BLK,,,,
2024-03-13 14:50:23.340000,ajs-next-bc5ce22e4dd55625b6890526aa22bcee,493,55.8,null,TRU-SPB-10022-S-BLK,,,,
2024-04-03 13:56:03.096000,ajs-next-35688b929e138f0d39aa36fa3cbb6a65,66,75.09,null,TRU-SPB-10022-S-BLK,TRU-CSB-10400-S-BLK,,,
2024-04-11 00:07:40.347000,ajs-next-a7218023edf1dc4b1b29dd5853e1a171,66,165.95000000000002,null,SHE-SSST-48001-L-BLK,EMP-SSB-81068-L-BLK,EMP-SLS-81005-L-BLK,SHE-SSST-48001-L-BLK,SHE-SSST-48001-L-WHT
2024-02-11 15:33:25.222000,ajs-next-cdbe0a02faf711a4bb14ce08403992b0,121,85.97,null,SP-SL-ML-BLK,TRU-LAB-10210-M-BLK,TRU-LAB-10210-M-BGE,SHE-OBC-73001-M-BLK,
2024-03-10 16:05:38.350000,ajs-next-a7f53928698168bea1e82310ec1732a4,80,16.99,null,TRU-MGS-38422-014-BLK,,,,
2024-04-11 17:01:14.712000,ajs-next-f6e6f8cded7fcfb5e59cf29246c7bfe8,66,60.980000000000004,null,SHE-SSSB-95006-M-BLK,SHE-SSST-48001-M-CHAI,,,
2024-04-11 06:19:25.053000,ajs-next-078aadabb124ef08e25e1f9e40464286,256,139.01,null,SHE-BHEB-13402-3XL-BLK,SHE-SNU-95002-XL-BLK,SHE-FHT-81009-2XL-BLK,,
2024-01-27 15:55:00.055000,ajs-next-1e00742e0c5a1c06de2c8328ffa16e1e,121,32.99,null,SP-SL-XLXXL-NUD,TRU-LAB3-10210-XL-BLK,,,
2024-02-27 17:37:18.690000,ajs-next-9065153fa2d09fddfde8c99b9d59f181,71,54.99,null,TRU-SPB-10022-S-RST,,,,
2024-03-05 03:09:21.434000,ajs-next-85ac7b118210abe241b359deb7273563,60,42.66,null,SHE-HWS-55021-ML-CHT,,,,
2024-02-16 22:05:28.868000,ajs-next-0bcff4c9bd40cfbb4df36c0948b19e2a,71,54.989999999999995,null,SMNT-FS-22423-S-OCN,TRU-SPB-10022-S-BLK,TRU-SPB-10022-M-BLK,,
2024-01-28 07:43:16.584000,ajs-next-d9e983c8d972d1e2b1565ef973b8bf57,63,36,null,SHE-SNC-62001-S-BLK,,,,
2024-04-11 00:30:59.353000,ajs-next-a6891befd045aed5e10d1a916f01a4e7,609,34.99,null,TRU-LAB3-10210-L-BLK,,,,
2024-02-05 22:10:35.908000,ajs-next-01e96f496ff6001fc6ea64200ea24e80,49,35.8,null,SHE-SNC-62001-XXL-RST,SHE-SNC-62001-XXL-BLK,,,
2024-01-14 20:58:17.449000,ajs-next-bacbbc92d2403e94dcc4355f6e7a09e5,63,33.06,null,SHE-SNC-62001-S-BLK,,,,
2024-03-20 20:35:04.462000,ajs-next-7563a4abbb508a188a2dd767e706918c,66,63.96,null,TRU-SB-91404-4XL-BLK,TRU-RSB-97097-4XL-BLK/WHT,EMP-HWC-42024-3XL-BLK,,
2024-04-01 13:50:21.787000,ajs-next-44414fc4e72209baf877ec2fa8ff5bff,71,45,null,TRU-SPB-10022-S-BLK,,,,
2024-03-07 16:06:47.988000,ajs-next-356b519a3bdf123ac98c8cc99a338822,71,54.99,null,TRU-SPB-10022-S-RST,,,,
2024-03-13 14:51:06.658000,ajs-next-7c9f431e7011aefed3b3330cf6cce5d3,71,54.99,null,TRU-SPB-10022-S-BLK,,,,
2024-04-11 12:38:52.009000,ajs-next-b8155374fe439eec7b48c6403ad132fb,303,124.97,null,TRU-LAB-10210-3XL-BGE,TRU-LAB-10210-3XL-BLK,TRU-AWS-51401-3XL-BLK,TRU-AWS-51401-3XL-CHAI,SHE-SP-54008-XXXXL-BLK
2024-03-28 17:50:29.533000,ajs-next-ee24e561c9dd1fb439f253dc16f3bb50,573,34.99,null,TRU-LAB3-10210-L-BLK,,,,
2024-03-28 17:50:29.533000,ajs-next-ee24e561c9dd1fb439f253dc16f3bb50,573,34.99,null,TRU-LAB3-10210-L-BLK,,,,
2024-04-11 00:24:39.849000,ajs-next-864a67342f258653dedac809069dec99,609,34.99,null,TRU-LAB3-10210-L-BLK,,,,
2024-02-20 21:51:17.699000,ajs-next-87d9a269c669aa04fd0b66afbf4d8d14,66,55.97,null,EMP-HWL-42002-L-BLK,SHE-CSL-41402-XL-BLK,,,
2024-01-25 15:40:44.358000,ajs-next-ca294bd7e09de94b124c42539006cb3c,63,36.18,null,SHE-SNC-62001-S-BLK,,,,
2024-04-04 16:39:39.432000,ajs-next-a76967208236be196bb5b0e017bfaa49,66,75.09,null,TRU-SPB-10022-S-BLK,TRU-CSB-10400-S-BLK,,,
2024-04-09 12:28:20.078000,ajs-next-59c308f3a70e4a0722b209f84145b331,80,57.98,null,TRU-SPB-10022-S-BLK,,,,
2024-03-27 15:44:03.281000,ajs-next-f9efb76a4458585f5b076e08c261b03e,68,25.99,null,SHE-HWS-55021-S-BGE,,,,
2024-01-31 16:56:02.641000,ajs-next-9e35c106d7b1d00e4d15aebc9ea58d37,61,26.99,null,TRU-WSB-10024-XL-BLK,,,,
2024-04-08 15:14:49.007000,ajs-next-736cbcc51344114a5f27aeec2362a5cf,66,33.1,null,TRU-CSB-10400-2XL-BGE,,,,
2024-01-05 04:51:07.930000,ajs-next-7bb77b5e9a8a891870f634fbc29caa14,121,65.98,null,TRU-LAB3-10210-XL-BLK,,,,
2024-03-16 03:30:08.289000,ajs-next-efba5e24250e860bbfef5f7faa37c022,60,44.48,null,EMP-SP-SL-54001-XLXXL-SND,SHE-HWS-55021-XLXXL-BLK,SHE-SNC-62001-XXL-BLK,,
2024-04-09 18:44:21.454000,ajs-next-5b31a85248b95fcb171e31bb9f2cbe0d,66,49.98,null,SMNT-WB-22428-LTGRAY,SHE-SNC-62001-S-MBR,SHE-SNB-95001-S-MBR,,
2024-03-18 15:35:53.681000,ajs-next-02e62739b2d59bf8b0719edda901af3f,63,78.98,null,TRU-SPB-10022-S-BLK,SHE-SNC-62001-S-NUD,,,
2024-02-19 09:00:08.313000,ajs-next-a6f870be55af2d9c7628ec6d85f729ed,-1,55.97,null,EMP-HWL-42002-L-BLK,SHE-CSL-41402-XL-BLK,,,
2024-02-19 09:02:22.215000,ajs-next-5507187c3c479b01d0842520f46986a6,66,55.97,null,EMP-HWL-42002-L-BLK,SHE-CSL-41402-XL-BLK,,,
2024-02-10 21:24:42.162000,ajs-next-4c60789ee548a2a1d664438f02b00037,121,32.99,null,TRU-LAB3-10210-L-WHT,,,,
2024-02-02 16:21:22.942000,ajs-next-a8df2d789f5b00e577b100210758405f,80,28.99,null,TRU-WSB-10024-XL-BLK,,,,
2024-01-05 04:52:34.303000,ajs-next-17a62e6adca61c5dcbea6de177411078,121,65.98,null,TRU-LAB3-10210-XL-BLK,,,,
2024-01-16 13:15:24.869000,ajs-next-0b4da0ea8c9fd7f71fb45670a8ce1ec6,61,26.99,null,TRU-WSB-10024-XL-BLK,,,,
2024-01-22 20:50:47.094000,ajs-next-5ff0135b7aabec4783c5b1b5a1275d93,63,33,null,SHE-SNC-62001-S-BLK,,,,
2024-01-20 16:58:04.521000,ajs-next-7dc3aed33e5c164c4b0778d5bd96e377,303,32.99,null,TRU-LAB3-10210-XL-BGE,,,,
2024-03-25 07:30:18.972000,ajs-next-730a1c5f60e944fcf1a3f4436c36b0d6,71,26.99,null,TRU-SPB-10022-2XL-BGE,,,,
2024-04-02 12:14:00.301000,ajs-next-82b8dafa200a1b0cf8c5e5f404b67fbb,71,73.99,null,TRU-SPB-10022-S-BLK,TRU-CSB-10400-S-BLK,,,
2024-04-01 15:13:16.540000,ajs-next-eec9de6a015203112f38b0677cb97aaa,66,27.99,null,EMP-WTS-87045-L-BLK,,,,
2024-04-01 15:13:16.540000,ajs-next-eec9de6a015203112f38b0677cb97aaa,66,27.99,null,EMP-WTS-87045-L-BLK,,,,
2024-01-27 16:09:18.134000,ajs-next-d01033ede28810fed370b24794e6a935,303,32.99,null,TRU-LAB3-10210-XL-BGE,,,,
2024-02-25 18:24:04.334000,ajs-next-ac67d0f95cde5e1bbb629504781b7d50,62,123.96,null,EMP-HWL-42075-S-BLK,,,,
2024-04-03 13:55:24.587000,ajs-next-e001979004b59ad2b8e3bfbb9fd9ab4a,71,73.99,null,TRU-SPB-10022-S-BLK,TRU-CSB-10400-S-BLK,,,
2024-03-22 18:09:01.483000,ajs-next-de100b8852457f95fb73ef9ab2256a7b,68,25.99,null,SHE-HWS-55021-S-BGE,,,,
2024-04-01 18:43:55.818000,ajs-next-d1891f217715bc72787ae01a0713be49,493,45.66,null,TRU-SPB-10022-S-BLK,,,,
2024-04-11 08:54:29.870000,ajs-next-9c45c8c3230f389f7ebd77fd2a7673d5,71,50,null,TRU-SPB-10022-S-BLK,TRU-SPB-10022-S-NUD,,,
2024-02-27 14:19:22.770000,ajs-next-b633db3fbe56ed34eb688dfe2eb65043,62,123.96,null,EMP-HWL-42075-S-BLK,,,,
2024-01-23 22:09:59.862000,ajs-next-db349f4c9cb1870da2d681bc240b59d4,63,36,null,SHE-SNC-62001-S-BLK,,,,
2024-04-11 13:56:02.355000,ajs-next-da2b76573afc999e9c4771407b750a73,98,83.96,null,SHE-EMS-52002-3XL-BLK,TRU-MSB-51422-1624-BLK,EMP-HWBS-42066-2XL-BLK,SHE-SSST-48001-2XL-BLK,
2024-04-08 20:21:15.244000,ajs-next-0fe0461b6f6a09d8f9439ac14cbfa23e,98,58.98,null,SHE-SP-54008-XSS-CHT,TRU-CSB-10400-S-BLK,SHE-EMS-52002-S-BLK,,
2024-02-24 06:55:15.834000,ajs-next-c343183c5f1c55f8891370b65c1bc114,487,21.99,null,SHE-SNC-62001-XXXL-BLK,,,,
2024-02-26 22:55:55.905000,ajs-next-3d642a28d2a1640d1f5eb39c95a078f9,493,55.8,null,TRU-SPB-10022-S-RST,,,,
2024-02-20 21:57:43.582000,ajs-next-256cb557a94ff11144ad0135e3424b8c,-1,55.97,null,EMP-HWL-42002-L-BLK,SHE-CSL-41402-XL-BLK,,,
2024-01-27 16:11:18.373000,ajs-next-5c0fc68224bccdbc9a13bf19b04cc75e,303,32.99,null,TRU-LAB3-10210-XL-BGE,,,,
2024-03-22 22:23:25.140000,ajs-next-ec12cba55c92e69f95222fd3f686a721,303,60,null,TRU-LAB3-10210-XL-BGE,TRU-LAB3-10210-XL-BLK,,,
2024-04-05 15:33:34.047000,ajs-next-a6ec44b31fd4ca92464c2de27186faa5,303,60,null,TRU-SB-91404-M-WHT,TRU-LAB-10210-M-BGE,TRU-LAB-10210-M-BLK,,
2024-04-11 13:28:52.861000,ajs-next-340ddc53e17652b2e5bd1f17949267d4,98,25.99,null,SHE-EMS-52002-2XL-LAT,,,,
2024-01-22 20:42:25.606000,ajs-next-bce5af1df7c09197f470eba6827c82de,63,33.12,null,SHE-SNC-62001-S-BLK,,,,
2024-03-14 17:18:29.227000,ajs-next-216db5af2b1a0cd785540d4e8ec726e5,493,55.8,null,TRU-SPB-10022-S-BLK,,,,
2024-03-14 17:15:41.354000,ajs-next-6b849db3cf74618d8cea1639ff651966,71,54.99,null,TRU-SPB-10022-S-BLK,,,,
2024-04-09 18:43:21.620000,ajs-next-c9266bc1964af42cbcb11a6e4d8febc7,66,49.98,null,SMNT-WB-22428-LTGRAY,SHE-SNC-62001-S-MBR,SHE-SNB-95001-S-MBR,,
2024-01-23 03:37:35.480000,ajs-next-54a2ecc545b27e8b2eda681a116f3071,,31.98,80,EMP-SNC2-62001-L-NUD-40389411602566,EMP-SNC-62001-L-BLK-40389411340422,,,
2024-02-23 19:01:00.174000,ajs-next-99db3c88ebbebe1ad5aa75ff6875b43a,71,54.99,null,TRU-SPB-10022-S-RST,,,,
2024-03-22 22:21:20.863000,ajs-next-2ad1c3f1adea6af9ff7b9d35e4ff58e6,303,34.99,null,TRU-LAB3-10210-XL-BGE,,,,
2024-01-21 19:58:06.279000,ajs-next-99d337249b0a387306a6155597dd7fc1,,31.98,80,EMP-SNC2-62001-L-NUD-40389411602566,EMP-SNC-62001-L-BLK-40389411340422,,,
2024-04-11 15:53:07.174000,ajs-next-f349535bfeb89831f15b1db4b3e2b7c1,613,47.98,null,SP-SL-XLXXL-BLK,SHE-SNC-62001-XL-BLK,,,
2024-03-20 20:31:32.307000,ajs-next-e5c629d07d4a2d1481575975dbb1d507,66,63.96,null,TRU-SB-91404-4XL-BLK,TRU-RSB-97097-4XL-BLK/WHT,EMP-HWC-42024-3XL-BLK,,
2024-04-01 15:38:06.173000,ajs-next-bb8c2ad9f55c8162283b05395316a398,71,45,null,TRU-SPB-10022-S-BLK,,,,
2024-01-27 16:06:55.023000,ajs-next-4234d81d29ac90bd48049fe1bbe43c8c,303,32.99,null,TRU-LAB3-10210-XL-BGE,,,,
2024-03-21 20:18:00.155000,ajs-next-e21fe24158928cc408777267d9e24a59,68,25.99,null,SHE-HWS-55021-S-BGE,,,,
2024-01-25 15:52:25.327000,ajs-next-ce108376d35fe29b0dd7644ddb1666fb,63,36,null,SHE-SNC-62001-S-BLK,,,,
2024-04-07 01:05:03.261000,ajs-next-b67299a1f2efaa96855eddbb3faed0be,66,49.29,null,TRU-WSB-10024-XL-WHT-2PK,TRU-SPB-10022-XL-CHT,,,
2024-01-23 16:38:02.032000,ajs-next-479a73adf1d13c8828d6e8cca4cf890b,63,65.97,null,TRU-SB-91404-4XL-CHT,SHE-SNC-62001-XL-MBR,SHE-SNC-62001-XL-FRS,,
2024-03-20 13:43:36.989000,ajs-next-1881d1a930eb41cf912bd2649e680ede,60,21.99,null,SHE-HWS-55021-ML-LAT,EMP-SP-SL-54001-XLXXL-SND,,,
2024-02-05 22:10:04.910000,ajs-next-3a6614f57b8c10eb0fa4922c91e93eaa,49,35.8,null,SHE-SNC-62001-XXL-RST,SHE-SNC-62001-XXL-BLK,,,
2024-03-26 21:14:11.191000,ajs-next-fd0733daa7bad6a723f25dc60a98e0cf,66,15.99,null,TRU-SB-91404-L-WHT,,,,
2024-02-26 22:58:21.756000,ajs-next-6bfb68df84d59ce57a8ef351505e9261,71,54.99,null,TRU-SPB-10022-S-RST,,,,
2024-02-19 16:52:54.604000,ajs-next-b4c375a556b768eda3a3addf91dfbb40,66,55.97,null,EMP-HWL-42002-L-BLK,SHE-CSL-41402-XL-BLK,,,
2024-03-25 07:32:09.392000,ajs-next-238593f67469e1ef8815616a0ff3f64a,71,26.99,null,TRU-SPB-10022-2XL-BGE,,,,
2024-03-05 03:03:42.836000,ajs-next-d18ce9d1d2218e8285ce104375dc82c6,,27.98,104,EMP-HWS-55020-ML-BLK-40197877039238,,,,
2024-02-18 17:27:35.343000,ajs-next-544be6faf94605fd68e4088151eb2e29,66,55.97,null,EMP-HWL-42002-L-BLK,SHE-CSL-41402-XL-BLK,,,
2024-01-05 22:51:34.514000,ajs-next-56f3a940d7ff8500b3e52460136f4233,63,32.99,null,SHE-SNC-62001-S-BLK,,,,
2024-02-20 21:51:47.268000,ajs-next-a0e57b07f3f40309581b8d0738d71ddc,303,32.99,null,TRU-LAB3-10210-XL-BLK,,,,
2024-02-21 20:03:43.912000,ajs-next-0b00cb848378a61616ac7317e0b0fd0b,66,88.96,null,EMP-OBC-73001-2XL-BLK,EMP-HWBS-18437-2XL-BLK,EMP-CP-44001-S-BLK,,
2024-04-11 15:55:22.122000,ajs-next-f58fd544ca08c67160b03356dded4f06,613,47.98,null,SP-SL-XLXXL-BLK,SHE-SNC-62001-XL-BLK,,,
2024-04-05 15:34:41.770000,ajs-next-8033651543c06fcfe6e22805c8c28eff,80,88.28999999999999,null,TRU-WSB-10024-4XL-BLK,TRU-WSB-10024-4XL-BGE,TRU-WSB-10024-4XL-SEA,,
2024-04-11 02:29:22.039000,ajs-next-a8d0bf2d8975d0cc100a4854244b8485,71,67.5,null,TRU-SPB-10022-3XL-BLK,TRU-SPB-10022-3XL-BGE,,,
2024-03-12 15:41:22.706000,ajs-next-ca7550286474bca63b5f796c2de95e07,493,55.8,null,TRU-SPB-10022-S-BLK,,,,
2024-02-24 17:26:13.859000,ajs-next-668f301b934d5a6c7511aa78c056d79f,63,43.98,null,SHE-SNC-62001-XXXL-BLK,SHE-SNC-62001-XXXL-ATB,,,
2024-02-17 01:33:54.732000,ajs-next-6cc6d29ae5e6b60498dadecfebc0eb0c,71,55.89,null,SMNT-FS-22423-S-OCN,TRU-SPB-10022-S-BLK,TRU-SPB-10022-M-BLK,,
2024-01-19 23:34:42.183000,ajs-next-a9fdc67b8984d9748bcbac554c11d0f2,63,33.98,null,SHE-SNC-62001-S-BLK,,,,
2024-02-13 13:10:22.997000,ajs-next-8d31799ed8c76af1d04c40768f49852f,71,45,null,TRU-SPB-10022-S-BLK,,,,
2024-03-10 16:07:13.759000,ajs-next-c3a33be0220a67f8c2c794fa9448c57e,80,16.99,null,TRU-MGS-38422-014-BLK,,,,
2024-03-11 14:49:11.140000,ajs-next-610fa7e6db64f38b9b66bf799bf601a4,71,28.99,null,TRU-SPB-10022-S-BLK,,,,
2024-03-07 20:27:54.071000,ajs-next-e3de0083851cb6d23f0913da6828447b,71,54.99,null,TRU-SPB-10022-S-RST,,,,
2024-04-04 16:48:34.285000,ajs-next-58f54fbe4df1e48024de5abe54d8e5b3,63,65.97,null,SHE-SNC-62001-L-RST,SHE-SNC-62001-L-MBR,SHE-SNC-62001-L-ATB,,
2024-04-04 16:40:47.300000,ajs-next-736ddbbf887e532d8ddab82a4c667e59,71,73.99,null,TRU-SPB-10022-S-BLK,TRU-CSB-10400-S-BLK,,,
2024-03-10 20:29:35.976000,ajs-next-c168e8267ba07208bd05a26ba64167cd,66,19.99,null,SHE-SNC-62001-S-MBR,,,,
2024-04-11 05:36:30.528000,ajs-next-f83164897911301c24fa2799f9eadb90,96,19.99,null,TRU-SB-91404-L-WHT,,,,
2024-04-10 11:54:04.588000,ajs-next-747d01dc362d5b53b76051601b0c2acb,494,83.11,null,TRU-SPB-10022-S-BLK,SHE-SNC-62001-M-NUD,,,
2024-03-25 07:32:20.641000,ajs-next-f421809af7b9b86086957344e98660f1,71,26.99,null,TRU-SPB-10022-2XL-BGE,,,,
2024-04-11 14:48:59.087000,ajs-next-b2531c3deeadd681825938106fafafe8,80,29.42,null,TRU-SPB-10022-M-RST,,,,
2024-01-16 19:57:44.804000,ajs-next-cb7d17cbaa9a049b6194ab20f5511a3f,63,33,null,SHE-SNC-62001-S-BLK,,,,
2024-02-02 16:41:27.912000,ajs-next-8d5ddbb757ed9a9fe67da8d1aa285217,63,33,null,SHE-SNC-62001-S-BLK,,,,
2024-04-08 14:20:43.927000,ajs-next-bf709170258479da4ee3722c385a4292,98,59.59,null,SHE-SP-54008-XSS-CHT,TRU-CSB-10400-S-BLK,SHE-EMS-52002-S-BLK,,
2024-04-11 16:01:29.545000,ajs-next-508f4dfd7b416a6522f7b9c00210887c,613,47.98,null,SP-SL-XLXXL-BLK,SHE-SNC-62001-XL-BLK,,,
2024-01-25 16:04:10.409000,ajs-next-85b78e679c15d5edca9f73931b43c9b5,63,36.18,null,SHE-SNC-62001-S-BLK,,,,
2024-03-05 03:00:25.519000,ajs-next-5e95833b20d7df6c11bc8a564d6690ea,,27.98,104,EMP-HWS-55020-ML-BLK-40197877039238,,,,
2024-04-11 09:29:46.974000,ajs-next-a78d4b64a11f8b37c696f9b33021708f,66,41.98,null,SHE-OBS-73005-2XL-BLK,SHE-OBS-73005-2XL-BGE,,,
2024-04-10 13:22:38.975000,ajs-next-6010b2cf1eaaac163b42c2d3a77e97ee,66,15.99,null,SHE-SP-54008-XLXXL-BGE,EMP-HWOP-31048-2XL-BLK,,,
2024-04-05 15:28:45.428000,ajs-next-f6dd52064b2ba81635021807197ec44e,303,60,null,TRU-SB-91404-M-WHT,TRU-LAB-10210-M-BGE,TRU-LAB-10210-M-BLK,,
2024-04-08 06:53:36.709000,ajs-next-75782daf51fe4bd75721ddfaa36c5817,66,39.98,null,SMNT-WB-22428-LTGRAY,EMP-HWBS-18437-XL-BLK,EMP-HWBS-18437-XL-NUD,,
2024-04-04 22:47:40.287000,ajs-next-62331facef1197374ff10466a9ed6459,66,28.99,null,SHE-HWS-55021-XLXXL-BLK,TRU-CSB-10400-XL-BLK,,,
2024-03-23 18:03:38.498000,ajs-next-68614285d2b8a31bb920860c30ffc8f2,68,49.98,null,SHE-HWS-55021-XLXXL-BLK,SHE-TKC-62008-XXL-BLK,,,
2024-03-17 17:02:12.258000,ajs-next-6b79d77b00f99f15c3460a0ec95a8997,71,86.97,null,TRU-SPB-10022-XL-BGE,TRU-WSB-10024-XL-WHT,TRU-WSB-10024-XL-BLK,,
2024-03-30 22:05:37.990000,ajs-next-cea303c7c0e8ecfca68e99b4c9ea974e,,28.99,52,TRU-SPB-10022-S-BLK-39550550769798,,,,
2024-04-09 12:29:39.365000,ajs-next-178d4fca03a26abe0cc471a7efdf5612,80,58.84,null,TRU-SPB-10022-S-BLK,,,,
2024-03-20 20:25:03.262000,ajs-next-5cf6e1388e760c88ea42ebdf404e990d,66,63.96,null,TRU-SB-91404-4XL-BLK,TRU-RSB-97097-4XL-BLK/WHT,EMP-HWC-42024-3XL-BLK,,
2024-02-01 17:02:05.708000,ajs-next-538e87ea148faf8b4f51ac1090e5faf6,63,36,null,SHE-SNC-62001-S-BLK,,,,
2024-04-05 20:46:03.766000,ajs-next-0d39fbd7c000e77791a2791b8c802559,71,108.97999999999999,null,SHE-SP-54008-XSS-CHT,TRU-SPB-10022-S-BLK,TRU-CSB-10400-S-BLK,SHE-EMS-52002-S-BLK,
2024-01-22 15:37:35.368000,ajs-next-1bc7d73d75a8a07a9d5645344d1e3d1e,63,33,null,SHE-SNC-62001-S-BLK,,,,
2024-04-11 14:32:42.964000,ajs-next-d4f553bf4bf010d2b7d803cdfd3baeab,421,50,null,TRU-SPB-10022-4XL-LVD,TRU-SPB-10022-4XL-NUD,,,
2024-01-26 14:29:54.110000,ajs-next-267f4fd8ee039ee67715f8b78b4076d9,63,36.42,null,SHE-SNC-62001-S-BLK,,,,
2024-03-31 18:18:49.667000,ajs-next-4ab637c62479a91df592b88b8e1b3a09,96,15.99,null,TRU-SB-91404-L-WHT,,,,
2024-03-23 14:04:34.379000,ajs-next-da5ab676f119f1cbe89f56fcc16abd29,68,49.98,null,SHE-HWS-55021-XLXXL-BLK,SHE-TKC-62008-XXL-BLK,,,
2024-04-11 13:49:38.542000,ajs-next-c5cc426fa6153aa8f22cc29169029c29,98,95.94999999999999,null,SHE-SSST-48001-3XL-BLK,SHE-EMS-52002-3XL-BLK,TRU-MSB-51422-1624-BLK,EMP-HWS-55020-XXXXL-BLK,EMP-HWBS-42066-2XL-BLK
2024-01-10 23:11:11.372000,ajs-next-1156297996e262c499f5aa966ac872b0,63,33.12,null,SHE-SNC-62001-S-BLK,,,,
2024-02-07 18:41:39.758000,ajs-next-2fa33772692826d671c3f6c7153c9c32,63,33,null,SHE-SNC-62001-S-BLK,,,,
2024-02-16 21:25:25.474000,ajs-next-b8f815e0cc70280f8108df1764117a56,303,85.97,null,SMNT-FS-22423-L-OCN,TRU-LAB3-10210-2XL-BGE,TRU-LAB-10210-3XL-BGE,TRU-SB-91404-S-NUD,
2024-02-24 06:47:55.615000,ajs-next-6620c28b6282e2efa3b88b69f4d22303,63,37.98,null,SHE-SNC-62001-XXXL-BLK,SHE-SNC-62001-XXXL-BLK,,,
2024-02-21 02:51:00.009000,ajs-next-9d4fafe9cebee1f48e8d13f7ecd6bb43,66,88.96,null,EMP-OBC-73001-2XL-BLK,EMP-HWBS-18437-2XL-BLK,EMP-CP-44001-S-BLK,,
2024-04-11 16:52:19.176000,ajs-next-6f8a4cd7489617d7eef2ba9b26800693,98,29.99,null,SHE-EMS-52002-L-LAT,,,,
2024-03-15 16:06:38.646000,ajs-next-773e6eff051810ebb3e26bf196d5c7bb,71,54.99,null,TRU-SPB-10022-S-BLK,,,,
2024-04-10 12:52:39.012000,ajs-next-3f64062cd424a9de4a380010b1c930eb,494,83.11,null,TRU-SPB-10022-S-BLK,SHE-SNC-62001-M-NUD,,,
2024-01-27 16:11:06.991000,ajs-next-d4450e99776452122fd591a27d9e523e,303,32.99,null,TRU-LAB3-10210-XL-BGE,,,,
2024-04-11 10:46:02.414000,ajs-next-cffeed66c9f6e6a308c872bdfccea5ed,60,23.99,null,SHE-HWS-55021-XLXXL-BGE,,,,
2024-02-20 01:10:37.451000,ajs-next-d5616e8da1473f880f14b5fe2e65e9bb,66,88.96,null,EMP-OBC-73001-2XL-BLK,EMP-HWBS-18437-2XL-BLK,EMP-CP-44001-S-BLK,,
2024-03-26 21:44:01.334000,ajs-next-0b877417fe3c08fab28f90b80f1330f1,488,21.99,null,SHE-SNC-62001-L-WHT,,,,
2024-03-05 23:18:04.479000,ajs-next-22151b1278caf4e627107e93bd423d92,493,55.8,null,TRU-SPB-10022-S-RST,,,,
2024-02-17 23:27:30.432000,ajs-next-2d4445f75273e4c062df7b832c8f8972,66,55.97,null,EMP-HWL-42002-L-BLK,SHE-CSL-41402-XL-BLK,,,
2024-02-26 05:50:07.442000,ajs-next-574d71c33af4cf10ec6b27855c9d7ee2,62,123.96,null,EMP-HWL-42075-S-BLK,,,,
2024-04-11 15:57:21.383000,ajs-next-bdfe43d52de7fca7b979e17d49aceebb,613,47.98,null,SP-SL-XLXXL-BLK,SHE-SNC-62001-XL-BLK,,,
2024-04-11 15:58:39.138000,ajs-next-e93c5093af383ce0cf826eab6c859075,613,47.98,null,SP-SL-XLXXL-BLK,SHE-SNC-62001-XL-BLK,,,
2024-03-05 14:33:11.211000,ajs-next-aa94ddb1290bbacd8fad160ec5da5a16,71,54.99,null,TRU-SPB-10022-S-RST,,,,
2024-04-04 23:29:19.033000,ajs-next-1d5fa4d7bd0b843dd238d78721c2e75c,71,73.99,null,TRU-SPB-10022-S-BLK,TRU-CSB-10400-S-BLK,,,
2024-04-01 14:46:24.792000,ajs-next-3a6db448e2d9291fdc43e0d8ab8068b9,71,45,null,TRU-SPB-10022-S-BLK,,,,
2024-02-24 10:27:43.202000,ajs-next-0cf7676588b3a7bf5aca7a2ba15b7ced,63,43.98,null,SHE-SNC-62001-XXXL-BLK,SHE-SNC-62001-XXXL-ATB,,,
2024-04-11 01:31:33.462000,ajs-next-e8ac97c3d6a4587ecfe599694b99bd55,121,60,null,TRU-LAB-10210-M-BGE,TRU-LAB-10210-M-BLK,,,
2024-04-11 13:26:07.117000,ajs-next-7751de06528300c62479c86852a91702,68,25.99,null,SHE-HWS-55021-ML-CHT,,,,
2024-02-05 17:04:17.179000,ajs-next-f889f8a042dc4887634732e5c888b8b6,307,95.96,null,SHE-HWS-55021-XXXL-SND,SHE-HWS-55021-XXXL-BLK,TRU-RSB-97097-XL-HTRC,TRU-RSB-97097-XL-BLKC,TRU-RSB-97097-XL-WHTC
2024-04-05 15:32:55.628000,ajs-next-75181b0176c564bb095675c146d1c22a,303,60,null,TRU-SB-91404-M-WHT,TRU-LAB-10210-M-BGE,TRU-LAB-10210-M-BLK,,
2024-03-12 15:40:32.049000,ajs-next-ea7b2a4ae701c2381ac30cfee23df47f,71,54.99,null,TRU-SPB-10022-S-BLK,,,,
2024-04-01 13:48:01.183000,ajs-next-b38451a77dc5eb5a5db2357cf44afe33,493,45.66,null,TRU-SPB-10022-S-BLK,,,,
2024-04-10 14:46:03.004000,ajs-next-5b0c665f086476755147de9ccf149fe8,117,27.99,null,SHE-EMS-52002-M-BLK,,,,
2024-04-05 20:46:45.104000,ajs-next-d8d7c454ebdbfe03f8723cff233cea9b,98,109.86999999999999,null,SHE-SP-54008-XSS-CHT,TRU-SPB-10022-S-BLK,TRU-CSB-10400-S-BLK,SHE-EMS-52002-S-BLK,
2024-01-16 23:44:36.483000,ajs-next-65db743447570c71019dea9b3bf2a762,63,33,null,SHE-SNC-62001-S-BLK,,,,
2024-03-05 00:13:43.905000,ajs-next-ca3e45e2c1a575d86b53d0ed3d8f6517,,27.98,104,EMP-HWS-55020-ML-BLK-40197877039238,,,,
2024-04-11 17:45:22.950000,ajs-next-ff0ffcdc4aead373d763a4ae396a4b68,441,115.96,null,SHE-HWL-42075-3XL-GRAY,EMP-HWL-42075-3XL-BLK,EMP-HWOP-31048-2XL-LAT,,
2024-04-11 00:08:10.690000,ajs-next-83d25f596fe77e63bbe45826a52a7429,66,165.95000000000002,null,SHE-SSST-48001-L-BLK,EMP-SSB-81068-L-BLK,EMP-SLS-81005-L-BLK,SHE-SSST-48001-L-BLK,SHE-SSST-48001-L-WHT
2024-04-08 19:34:49.842000,ajs-next-a72981467f9d2694d921f1208dec6545,98,58.98,null,SHE-SP-54008-XSS-CHT,TRU-CSB-10400-S-BLK,SHE-EMS-52002-S-BLK,,
2024-02-19 08:59:10.621000,ajs-next-a3cd639ec70c943a6eb3bd7c995d4797,-1,55.97,null,EMP-HWL-42002-L-BLK,SHE-CSL-41402-XL-BLK,,,
2024-02-24 06:49:33.954000,ajs-next-4704db668deff60dff574c2b60530c08,63,37.98,null,SHE-SNC-62001-XXXL-BLK,SHE-SNC-62001-XXXL-BLK,,,
2024-02-18 13:12:39.943000,ajs-next-c8da99bb9afba4827c877c87d853902f,66,42.98,null,EMP-OBC-73001-2XL-BLK,EMP-HWBS-18437-2XL-BLK,,,
2024-04-04 19:13:27.179000,ajs-next-6e1d4bf13a7bb3ae68881b1a142adb0b,71,73.99,null,TRU-SPB-10022-S-BLK,TRU-CSB-10400-S-BLK,,,
2024-04-11 16:16:27.126000,ajs-next-ed1047786235f82a7c1c155d1b5555ec,69,18.99,null,EMP-HWT-98099-L-NUD,,,,
2024-03-10 05:41:50.482000,ajs-next-76ada9841029cd2108cd1e96165e082d,108,74.97,null,EMP-SSB-81068-L-BGDY,EMP-SSB-81068-L-BLK,EMP-BBT-81007-XL-BLK,,
2024-03-11 20:13:53.089000,ajs-next-30e8fe9317f4f77af9746a591077d5e7,303,54.96,null,TRU-LAB-10210-M-BLK,TRU-LAB-10210-M-WHT,,,
2024-04-05 10:58:19.354000,ajs-next-c57ac0a54b44e02ec196ad0fa6ece2db,256,32.99,null,SHE-BHEB-13402-L-CHAI,,,,
2024-01-08 21:20:51.830000,ajs-next-0fd78333273d1272a2ea7b78d4793109,63,32.99,null,SHE-SNC-62001-S-BLK,,,,
2024-02-20 21:52:32.358000,ajs-next-796a95498d9ddcaafce4c6c25778a2e3,303,32.99,null,TRU-LAB3-10210-XL-BLK,,,,
2024-04-01 19:15:21.926000,ajs-next-8dedd6c5b7b25f3579d61e6d49b45c46,66,89.68,null,TRU-SPB-10022-S-BLK,TRU-CSB-10400-S-BLK,,,
2024-04-11 13:43:13.808000,ajs-next-97b06ede76d97324384b69417a1de214,98,95.94999999999999,null,SHE-SSST-48001-3XL-BLK,SHE-EMS-52002-3XL-BLK,TRU-MSB-51422-1624-BLK,EMP-HWS-55020-XXXXL-BLK,EMP-HWBS-42066-2XL-BLK
2024-04-04 16:51:46.348000,ajs-next-4322615b7e2c87137ec49687d3d6f068,63,93.96,null,SHE-SNC-62001-L-RST,SHE-SNC-62001-L-MBR,SHE-SNC-62001-L-ATB,EMP-WTS-87045-2XL-BLK,
2024-04-11 15:35:54.525000,ajs-next-7fd566e3460481520a05a7174c827f34,66,29.42,null,SHE-SP-54008-XLXXL-BLK,EMP-HWS-55020-XLXXL-BLK,,,
2024-01-27 15:59:57.569000,ajs-next-bb4e81133b8160073dbc81bb01d7c1ce,121,32.99,null,SP-SL-XLXXL-NUD,TRU-LAB3-10210-XL-BLK,,,
2024-01-27 15:52:54.541000,ajs-next-df72fd3ff41b52e293eba83f2383c923,121,32.99,null,SP-SL-XLXXL-NUD,TRU-LAB3-10210-XL-BLK,,,
2024-03-26 20:47:42.168000,ajs-next-8e1a119486545d07ed88a6acbbf819d0,66,15.99,null,TRU-SB-91404-L-WHT,,,,
2024-03-07 16:53:11.955000,ajs-next-88362027826569e38fb1d68c8d295b69,71,54.99,null,TRU-SPB-10022-S-RST,,,,
2024-03-22 12:09:25.031000,ajs-next-e7bc599866adb285c51b2bd9e11de884,80,28.99,null,EMP-SP-SL-54001-XLXXL-SND,TRU-WSB-10024-4XL-BLK,,,
2024-03-15 17:19:41.503000,ajs-next-faa86cba767a0d16dbe34c78d9190dbf,493,55.8,null,TRU-SPB-10022-S-BLK,,,,
2024-04-11 17:30:26.670000,ajs-next-a1c43ea199d77e08f99c74e8b88fe919,66,28.99,null,TRU-CSB-10400-3XL-BLK,,,,
2024-02-23 15:41:51.019000,ajs-next-d2a05fffe1b72e67f146a8514285c261,71,54.99,null,TRU-SPB-10022-S-RST,,,,
2024-02-09 21:12:29.748000,ajs-next-9bd3a30bb1198056486dbc1479319a14,63,53.989999999999995,null,SMNT-TB-22411-DRKSHRPNK,SHE-SNC-62001-S-BLK,SHE-SNC-62001-S-BLK,,
2024-01-22 20:41:40.024000,ajs-next-49765ea4aa22b9ff36c55f5a3454abab,63,33,null,SHE-SNC-62001-S-BLK,,,,
2024-01-27 17:43:38.949000,ajs-next-52a93ec1c701f6302dbc106ad275476c,303,32.99,null,TRU-LAB3-10210-XL-BGE,,,,
2024-02-02 14:32:08.924000,ajs-next-317d85b5f05f02468803ddd04ae50d1e,61,26.99,null,TRU-WSB-10024-XL-BLK,,,,
2024-02-19 08:48:31.124000,ajs-next-28cd991cb0865f9d230582882b65de75,-1,55.97,null,EMP-HWL-42002-L-BLK,SHE-CSL-41402-XL-BLK,,,
2024-02-18 22:11:24.219000,ajs-next-52d57bf8574a18088e62e74705c8730e,71,54.989999999999995,null,SMNT-FS-22423-S-OCN,TRU-SPB-10022-S-BLK,TRU-SPB-10022-M-BLK,,
2024-01-27 15:49:25.697000,ajs-next-91249d777281182f4810f5136970c285,121,32.99,null,SP-SL-XLXXL-NUD,TRU-LAB3-10210-XL-BLK,,,
2024-02-02 23:12:13.366000,ajs-next-4fa8c6f93f0b8829229f283166a6b9cb,63,33,null,SHE-SNC-62001-S-BLK,,,,
2024-03-29 20:17:06.889000,ajs-next-9fbacfe64f6fc2f69407c40188bc7227,68,54.98,null,SHE-SP-54008-ML-BGE,SHE-HWS-55021-S-BGE,TRU-SPB-10022-S-BLK,,
2024-01-23 22:06:59.320000,ajs-next-c3fe478eb9ba826a40726957ebd42ed7,63,36,null,SHE-SNC-62001-S-BLK,,,,
2024-03-10 16:05:13.909000,ajs-next-42c993eb1d99e68d1014a06bad6efaf2,80,16.99,null,TRU-MGS-38422-014-BLK,,,,
2024-04-01 18:44:48.201000,ajs-next-4b0652d5c573654b6638940fe01eb470,71,45,null,TRU-SPB-10022-S-BLK,,,,
2024-02-01 00:50:20.578000,ajs-next-6a5e87986eb4f614859a49fb67c0317a,80,28.99,null,TRU-CSB-10400-XL-BLK,,,,
2024-03-08 14:53:26.509000,ajs-next-1a06dd2ebf9bec9cda945512c88a8ccf,493,55.8,null,TRU-SPB-10022-S-RST,,,,
2024-04-11 15:59:30.170000,ajs-next-38e2c78d30230536f896e5dee0415c4e,613,47.98,null,SP-SL-XLXXL-BLK,SHE-SNC-62001-XL-BLK,,,
2024-04-08 19:38:37.895000,ajs-next-d60fc84504359d5727b02676180113ac,66,116.91,null,EMP-HWS-55020-XXXL-CHT,,,,
2024-04-01 16:17:45.002000,ajs-next-6f7099f0bd73f350e64e856898951f91,493,45.66,null,TRU-SPB-10022-S-BLK,,,,
2024-04-11 08:56:46.640000,ajs-next-c6d6fea6d7054523babf1451d629a128,71,50,null,TRU-SPB-10022-S-BLK,TRU-SPB-10022-S-NUD,,,
2024-01-05 14:54:48.963000,ajs-next-f39d1312864e0f943c8dfa2e846acdf8,,80.97,44.01,EMP-TKC-62008-M-NUD-40181397618822,SHE-SNC-62001-M-BLK-39252374159494,,,
2024-03-07 18:17:05.916000,ajs-next-505b4a91c2e31e6db66cb16ab0d6fb39,66,58.98,null,SMNT-WB-22428-LTGRAY,TRU-CSB-10400-3XL-BGE,SHE-SNB-95001-3XL-RED,,
2024-03-04 15:24:14.208000,ajs-next-a910b3a2ca3c887310ccd7bf770efc3e,71,54.99,null,TRU-SPB-10022-S-RST,,,,
2024-03-30 22:06:10.624000,ajs-next-caa6cc1cb8c442b44fcc613571312baa,493,45.66,null,TRU-SPB-10022-S-BLK,,,,
2024-04-11 10:48:40.399000,ajs-next-7416ab577d069d55747778410819393a,68,25.99,null,SHE-HWS-55021-ML-BGE,,,,
2024-03-05 23:19:17.878000,ajs-next-fd3ec260f7a225e534ff4c455fd79833,71,54.99,null,TRU-SPB-10022-S-RST,,,,
2024-03-25 07:34:37.965000,ajs-next-b9d57a633d8485a8ea5062e37e1fc13e,71,26.99,null,TRU-SPB-10022-2XL-BGE,,,,
2024-04-08 15:52:44.324000,ajs-next-975ef72eb4c12803b97062967d4d3eda,98,59.59,null,SHE-SP-54008-XSS-CHT,TRU-CSB-10400-S-BLK,SHE-EMS-52002-S-BLK,,
2024-03-19 20:49:04.668000,ajs-next-7be9a81d02ad09384a3d7afb3de2ca8c,66,86.97,null,SHE-SNC-62001-XL-BLK,SHE-SNC-62001-XL-RST,SHE-SNC-62001-XL-BLK,SHE-SNC-62001-XL-DPNK,SHE-SNC-62001-XL-ATB
2024-03-19 15:46:30.523000,ajs-next-8849e86b382cce0a8e49d77a07d1d410,68,26.48,null,SHE-HWS-55021-S-BGE,,,,
2024-03-05 02:52:24.842000,ajs-next-11f1a87bdc3d616240c6df58dc6137e1,,41.97,156,EMP-HWS-55020-ML-BLK-40197877039238,,,,
2024-04-10 15:38:24.607000,ajs-next-2661910cfd300ee0e7ed226425ec5cce,63,81.97,null,TRU-SPB-10022-S-BLK,SHE-SNC-62001-M-NUD,,,
2024-04-11 14:11:19.765000,ajs-next-a2b55abbaebc105946ac955edd42d645,66,84.97,null,SHE-TKC-62008-XXL-BLK,SHE-OBC-73001-2XL-BGE,SHE-HWS-55021-XLXXL-BLK,SHE-HWS-55021-XLXXL-BGE,
2024-04-05 15:29:29.690000,ajs-next-0513d58ef379a1e536e94f36fff10960,303,60,null,TRU-SB-91404-M-WHT,TRU-LAB-10210-M-BGE,TRU-LAB-10210-M-BLK,,
2024-04-05 15:42:26.383000,ajs-next-570681e7e87aad7134455c9b8ad6f2e4,80,88.28999999999999,null,TRU-WSB-10024-4XL-BLK,TRU-WSB-10024-4XL-BGE,TRU-WSB-10024-4XL-SEA,,
2024-04-08 22:40:13.341000,ajs-next-e647cbc5603ffbd372c76def5a3491e0,66,25.98,null,SMNT-WB-22428-LTGRAY,EMP-HWBS-18437-XL-BLK,EMP-HWBS-18437-XL-NUD,,
2024-03-27 20:19:42.162000,ajs-next-b9a7033e06228817db8a88215ad52495,60,146.93,null,SHE-HWS-55021-XLXXL-BLK,SHE-HWS-55021-S-BLK,,,
2024-03-11 20:37:57.561000,ajs-next-0ff85a1661f687c14810a48c57468769,492,55.14,null,EMP-HWBS-18437-M-BLK,TRU-LAB-10210-M-BLK,TRU-LAB-10210-M-WHT,,
2024-01-25 16:00:14.339000,ajs-next-07180c9aec88371d2cdc042b4b0b1891,63,36.42,null,SHE-SNC-62001-S-BLK,,,,
2024-02-20 01:07:39.094000,ajs-next-9dec501a4c24a3ebd3a92e0ad3e92bf3,66,88.96,null,EMP-OBC-73001-2XL-BLK,EMP-HWBS-18437-2XL-BLK,EMP-CP-44001-S-BLK,,
2024-04-11 18:11:09.499000,ajs-next-05d8d484ecedf86ee0eba5625c5eb4ce,60,23.99,null,SHE-HWS-55021-ML-LAT,,,,
2024-04-11 17:45:55.159000,ajs-next-8cdc863f7deead0084d6cb451c2cdc1b,441,115.96,null,SHE-HWL-42075-3XL-GRAY,EMP-HWL-42075-3XL-BLK,EMP-HWOP-31048-2XL-LAT,,
2024-04-05 15:22:28.273000,ajs-next-1b607b50714072afe0a614d0e83bfd86,303,34.99,null,TRU-LAB-10210-M-WHT,,,,
2024-01-22 20:50:10.579000,ajs-next-48e47a6a1739ab5368ffb895e97f0bf0,63,33.12,null,SHE-SNC-62001-S-BLK,,,,
2024-03-23 15:59:15.430000,ajs-next-ba37a6822b72d5c990261c162e861299,303,58.980000000000004,null,EMP-SP-SL-54001-XLXXL-SND,SHE-TKC-62008-XL-BGE,TRU-LAB3-10210-2XL-BLK,,
2024-01-27 16:10:31.056000,ajs-next-012d7efd47933d3a611e86e8c45d6fa8,303,32.99,null,TRU-LAB3-10210-XL-BGE,,,,
2024-02-21 18:45:57.019000,ajs-next-4b63ccedbf99b0b4cd49fe1aecd091f7,303,32.99,null,TRU-LAB3-10210-XL-BLK,,,,
2024-03-27 13:49:15.663000,ajs-next-76a4a5ba9b50f535afe13a4267c5e56b,60,104.95,null,SHE-HWS-55021-XLXXL-BLK,,,,
2024-02-20 01:08:25.764000,ajs-next-7cd3a373275fd3e55f309eda8c343dfd,66,88.96,null,EMP-OBC-73001-2XL-BLK,EMP-HWBS-18437-2XL-BLK,EMP-CP-44001-S-BLK,,
2024-02-21 21:28:23.216000,ajs-next-3847184dbd4368ae2e5cb77f5ae7eae3,303,61.980000000000004,null,TRU-LAB3-10210-XL-BLK,TRU-CSB-10400-XL-BGE,,,
2024-03-05 14:31:31.006000,ajs-next-3e121b9cadec866696e46605bd0096c9,493,55.8,null,TRU-SPB-10022-S-RST,,,,
2024-03-25 16:04:21.243000,ajs-next-2773a77f1696dd9b6e124bd6c05edcc9,68,25.99,null,SHE-HWS-55021-S-BGE,,,,
2024-01-10 23:11:46.074000,ajs-next-298849dd5a5242f39ed247c55f1e2c25,63,33,null,SHE-SNC-62001-S-BLK,,,,
2024-02-23 23:58:54.682000,ajs-next-bc439badc73923ec5a6935471c4b3388,71,54.99,null,TRU-SPB-10022-S-RST,,,,
2024-02-19 08:39:53.741000,ajs-next-2148c46af11d9e44e629057c0d3a00c9,66,55.97,null,EMP-HWL-42002-L-BLK,SHE-CSL-41402-XL-BLK,,,
2024-04-05 16:18:27.038000,ajs-next-7e7c0349ad5462e9c3e3328825a9e36e,69,23.99,null,SP-SL-XLXXL-BLK,,,,
2024-04-08 22:37:17.307000,ajs-next-392cf9d7428edd601865527d6220873c,66,25.98,null,SMNT-WB-22428-LTGRAY,EMP-HWBS-18437-XL-BLK,EMP-HWBS-18437-XL-NUD,,
2024-04-11 15:57:57.234000,ajs-next-1c3bc2222a5d8609eed7e05e70ca1b68,613,47.98,null,SP-SL-XLXXL-BLK,SHE-SNC-62001-XL-BLK,,,
2024-04-11 15:41:41.866000,ajs-next-fbd7fb9d4cc4e398fe78449ad93d5159,66,41.98,null,SHE-OBS-73005-2XL-BLK,SHE-OBS-73005-2XL-BGE,,,
2024-03-26 17:41:25.834000,ajs-next-719b2a640f54031d6f6d655a0e991eff,68,25.99,null,SHE-HWS-55021-S-BGE,,,,
2024-04-10 15:37:28.584000,ajs-next-998a695e77ec62a8e2695a4a59e3c3fb,494,83.11,null,TRU-SPB-10022-S-BLK,SHE-SNC-62001-M-NUD,,,
2024-03-16 16:25:51.274000,ajs-next-791a75c4e863d67e644b04b0a13a15fd,402,28.99,null,TRU-SPB-10022-M-BGE,,,,
2024-01-20 16:54:32.208000,ajs-next-3de4eb8289624cc2af20aa6d857e378e,303,32.99,null,TRU-LAB3-10210-2XL-WHT,,,,
2024-04-04 19:14:57.080000,ajs-next-de65e4fdb3318a36e1a6c655d7f89ea9,66,75.09,null,TRU-SPB-10022-S-BLK,TRU-CSB-10400-S-BLK,,,
2024-04-11 17:35:04.310000,ajs-next-8577b98fc8eba0fd416e5552053f5cfa,66,28.99,null,TRU-CSB-10400-3XL-BLK,,,,
2024-03-10 05:42:12.737000,ajs-next-b1797e42b1bdc7c16bd57d71da61d206,108,74.97,null,EMP-SSB-81068-L-BGDY,EMP-SSB-81068-L-BLK,EMP-BBT-81007-XL-BLK,,
2024-01-04 08:47:31.144000,ajs-next-17b39bb9866d64bd4f96395398333fc2,63,32.92,null,SHE-SNC-62001-S-BLK,,,,
2024-03-07 11:50:10.560000,ajs-next-a76bcd3248fb28d9831a941aaf18b22d,493,55.8,null,TRU-SPB-10022-S-RST,,,,
2024-04-01 19:13:37.738000,ajs-next-6fbffd2d10b0eb5f67ea43c2c5912045,71,45,null,TRU-SPB-10022-S-BLK,,,,
2024-04-11 15:01:27.978000,ajs-next-7c883bd9fd627c25e2c0da4e70f86351,71,67.5,null,TRU-SPB-10022-XL-BGE,,,,
2024-03-18 16:21:49.306000,ajs-next-1a8a818be4fc6a5fd62626682f626e5e,108,27.99,null,SHE-HWBS-18437-S-BGE,EMP-SSB-81068-S-BLK,,,
2024-03-04 15:23:18.597000,ajs-next-4dea61e16fefd3a35c01cd183271976a,493,55.8,null,TRU-SPB-10022-S-RST,,,,
2024-01-14 21:00:01.523000,ajs-next-e71d6f9573984615ad4e4bbc9c55b1e8,63,33,null,SHE-SNC-62001-S-BLK,,,,
2024-01-21 15:02:38.494000,ajs-next-c692f4a350bc755830ffb136c14a4174,303,32.99,null,TRU-LAB3-10210-XL-BGE,,,,
2024-04-04 15:05:34.085000,ajs-next-438cbe6233783cb40189c57305810a0f,66,41.98,null,SHE-OBB-73003-XL-BGE,,,,
2024-04-02 15:32:39.254000,ajs-next-31d0de056054e2a7a7061d6970e231e2,71,73.99,null,TRU-SPB-10022-S-BLK,TRU-CSB-10400-S-BLK,,,
2024-02-02 22:57:52.474000,ajs-next-afdc3c5d506707215159f90b0236d229,63,33,null,SHE-SNC-62001-S-BLK,,,,
2024-04-11 11:28:32.845000,ajs-next-2b2f3147ceb54a23b56bede1b8ec4c05,80,14.99,null,SHE-HWS-55021-ML-SND,,,,
2024-04-11 11:28:32.845000,ajs-next-2b2f3147ceb54a23b56bede1b8ec4c05,80,14.99,null,SHE-HWS-55021-ML-SND,,,,
2024-03-25 19:55:16.885000,ajs-next-0c5cd8174a69adae34ca97611971a64f,68,25.99,null,SHE-HWS-55021-S-BGE,,,,
2024-01-25 13:34:57.384000,ajs-next-d12db03577d984e2259a14246720e53d,63,36.18,null,SHE-SNC-62001-S-BLK,,,,
2024-02-17 03:17:13.608000,ajs-next-2da4c93718c605df18b1f430453e88ab,71,54.989999999999995,null,SMNT-FS-22423-S-OCN,TRU-SPB-10022-S-BLK,TRU-SPB-10022-M-BLK,,
2024-03-07 18:17:42.580000,ajs-next-770eb2558c80b4a035322c0fa58f57d7,66,58.98,null,SMNT-WB-22428-LTGRAY,TRU-CSB-10400-3XL-BGE,SHE-SNB-95001-3XL-RED,,
2024-04-08 19:34:07.114000,ajs-next-f5daab98249db0f426395e9d7cfe84e3,98,59.57,null,SHE-SP-54008-XSS-CHT,TRU-CSB-10400-S-BLK,SHE-EMS-52002-S-BLK,,
2024-01-21 19:29:32.705000,ajs-next-abb28c7ff3c429d8f6c5e13b57a74694,63,33,null,SHE-SNC-62001-S-BLK,,,,
2024-01-21 19:30:24.933000,ajs-next-95d6fe1c420ab2c35925a7e2f52712c5,63,33.12,null,SHE-SNC-62001-S-BLK,,,,
2024-04-10 12:51:42.040000,ajs-next-ae412e56734bcd79ee399f9cfcb07ba7,63,81.97,null,TRU-SPB-10022-S-BLK,SHE-SNC-62001-M-NUD,,,
2024-03-20 20:28:09.353000,ajs-next-245577075ffc4099ec3a6aeb70e40bd2,66,63.96,null,TRU-SB-91404-4XL-BLK,TRU-RSB-97097-4XL-BLK/WHT,EMP-HWC-42024-3XL-BLK,,
2024-02-02 13:35:34.586000,ajs-next-ae8575031689d52a799b910ce81fe151,,31.98,80,EMP-SNC2-62001-L-NUD-40389411602566,EMP-SNC-62001-L-BLK-40389411340422,,,
2024-03-25 07:32:03.659000,ajs-next-b70be4bd9550ac4650891e164dc7cef8,71,26.99,null,TRU-SPB-10022-2XL-BGE,,,,
2024-03-15 08:28:04.868000,ajs-next-bd2baecea20766553e4d251f202d13b6,63,154.9,null,TRU-LAB-10210-3XL-BLK,SHE-SNC-62001-XXL-DPNK,SHE-SNC-62001-XXL-BLK,SHE-SNC-62001-XXL-MBR,SHE-SNC-62001-XXL-ATB
2024-01-19 02:41:37.333000,ajs-next-423c2f73fb7c7cde9f854a061582023f,63,33.16,null,SHE-SNC-62001-S-BLK,,,,
2024-03-06 05:54:50.437000,ajs-next-11826adee0f9afc43b068bdb5e59bbbc,121,32.99,null,SHE-HWBS-18437-S-BGE,TRU-LAB-10210-M-BLK,,,
2024-01-19 19:21:05.896000,ajs-next-99a66c0af2468954ec31ebcbc16a55e8,63,33,null,SHE-SNC-62001-S-BLK,,,,
2024-03-07 01:31:21.135000,ajs-next-a1e7ab315a351763cc65dd62cbdd52b4,66,44.98,null,TRU-SB-91404-XL-NUD,TRU-WSB-10024-XL-SEA,,,
2024-04-07 01:04:36.728000,ajs-next-21346a7b02623f7e30aa18cd839109e9,66,49.29,null,TRU-WSB-10024-XL-WHT-2PK,TRU-SPB-10022-XL-CHT,,,
2024-01-27 16:09:05.477000,ajs-next-f27848bd280f622d4e1dd8fa3c5e276f,303,32.99,null,TRU-LAB3-10210-XL-BGE,,,,
2024-04-01 15:47:44.775000,ajs-next-d45e74f6558f57d3e54b0ecce7c1316b,71,45,null,TRU-SPB-10022-S-BLK,,,,
2024-01-25 16:05:14.475000,ajs-next-c6b05932700303d669ce5b3ee548b6f6,63,36,null,SHE-SNC-62001-S-BLK,,,,
2024-01-26 14:28:12.020000,ajs-next-11fd776e3c2a3d8c211d2a0c433f7c4a,63,36.42,null,SHE-SNC-62001-S-BLK,,,,
2024-02-01 00:41:38.752000,ajs-next-1546997e5438ecb0c4557c3370b26ba5,80,28.99,null,TRU-CSB-10400-XL-BLK,,,,
2024-01-21 19:57:20.495000,ajs-next-dcdd4776a47e0ff4a7afbe5c8ca95eaf,70,48.980000000000004,null,TRU-LAB3-10210-XL-BGE,EMP-HWC-42024-XL-BLK,,,
2024-04-11 13:02:46.738000,ajs-next-e83afa2e4c064a14670136345ce88c12,60,23.99,null,SHE-HWS-55021-XLXXL-BLK,,,,
2024-04-01 18:45:37.220000,ajs-next-956545884271af5acd55ecf0c5f9717e,71,45,null,TRU-SPB-10022-S-BLK,,,,
2024-02-21 21:25:09.739000,ajs-next-729bd4c3dd5615555d6cc541c47bb533,303,61.980000000000004,null,TRU-LAB3-10210-XL-BLK,TRU-CSB-10400-XL-BGE,,,
2024-03-25 07:34:10.789000,ajs-next-7c02dfdf863bfec52c45665a7d4d2487,71,26.99,null,TRU-SPB-10022-2XL-BGE,,,,
2024-03-12 16:53:09.808000,ajs-next-3e9db7e9ac22926a154e96ef822a2fa2,71,54.99,null,TRU-SPB-10022-S-BLK,,,,
2024-02-13 13:24:43.008000,ajs-next-7c21f98545f89c229c6f2bec9cea3204,71,45.66,null,TRU-SPB-10022-S-BLK,,,,
2024-04-01 15:43:12.110000,ajs-next-2d65c61a10bd844c1bfd3e5b7f488ce5,493,45.66,null,TRU-SPB-10022-S-BLK,,,,
2024-02-24 06:57:36.732000,ajs-next-878885a47f82b759aba7db336c2b882d,63,43.98,null,SHE-SNC-62001-XXXL-BLK,SHE-SNC-62001-XXXL-ATB,,,
2024-01-27 15:55:19.908000,ajs-next-5b076b815ef6c20cc67563f66a472df9,121,32.99,null,SP-SL-XLXXL-NUD,TRU-LAB3-10210-XL-BLK,,,
2024-02-24 02:58:00.617000,ajs-next-9964da52e160a30bd144ab3565a8305a,,139.96,196.01,TRU-LAB3-10210-L-WHT-40599061561478,SHE-SNC-62001-L-LVD-40491043750022,SHE-SSST-48001-L-CHAI-40537673662598,SHE-SNC-62001-L-RST-40178086051974,SHE-SNC-62001-L-BLK-39574545072262
2024-04-04 16:50:06.260000,ajs-next-76d1b68f8c9ad53d9333820e5c6f47e0,63,93.96,null,SHE-SNC-62001-L-RST,SHE-SNC-62001-L-MBR,SHE-SNC-62001-L-ATB,EMP-WTS-87045-2XL-BLK,
2024-04-11 10:40:57.412000,ajs-next-53e92816e373d7fef37afb75c51bd4b5,303,32.99,null,TRU-LAB-10210-S-RST,,,,
