id,timestamp,price,variant
ajs-next-ab011085d38aac2d4f899529530426fa,2024-02-05 16:20:10.301000,25.99,SHE-HWS-55021-S-BGE
ajs-next-a83913317bf49f62e1956dc6584f8863,2024-03-07 01:29:41.217000,28.99,TRU-WSB-10024-S-SEA
ajs-next-4cc6c5ef49e6a146af211508717b880b,2024-04-11 18:27:09.568000,28.99,TRU-WSB-10024-S-BLK
ajs-next-786416436c11fd384bd74d30b29b0adf,2024-02-05 21:59:47.228000,19.99,SHE-SNC-62001-S-BLK
ajs-next-71f70243f155d6e4b4cc96a379844408,2024-02-21 04:20:47.507000,21.49,SHE-SNC-62001-S-BLK
ajs-next-d6ae0374bc1328c6bc3bba6710591b24,2024-03-25 20:02:13.898000,0,SMNT-WB-22428-LTGRAY
ajs-next-88f193bc9fa382b78444d7081b7c9ccf,2024-03-22 02:49:17.416000,23.99,SHE-SNC-62001-S-NUD
ajs-next-4c829568d33a6f86841659827d3fdfa0,2024-02-14 20:17:39.548000,28.99,TRU-SPB-10022-S-BLK
ajs-next-19b9263fa8b2b6be55a58ea54d44d28c,2024-03-15 11:55:05.676000,23.99,SHE-TKC-62008-S-BGE
ajs-next-7c4e308f6d73a35163032e1af3f7c025,2024-03-07 01:19:04.265000,19.99,TRU-SB-91404-XS-BLK
ajs-next-e9caf28dcf8e8c4353111d226679364d,2024-01-06 12:39:18.901000,28.99,TRU-SPB-10022-S-BLK
ajs-next-fac57cfa2ef47c1896b03c3f4646d27c,2024-04-03 17:19:56.751000,12.99,EMP-HWS-55020-S-BLK
ajs-next-c813ebc2a7f41534b5b4741094a675c6,2024-01-06 12:36:47.957000,19.99,SHE-SNC-62001-S-BLK
ajs-next-cff5b0225218eda20a5fa74018b78f7e,2024-02-21 04:20:55.702000,21.49,SHE-SNC-62001-S-BLK
ajs-next-d4bf4841e1b13a69b619a1741f7dccb3,2024-04-03 17:24:26.891000,12.99,EMP-HWS-55020-S-BLK
ajs-next-46a2699b35dd8dd6142cefe54fd3aa99,2024-02-19 13:37:16.065000,22.99,EMP-CP-44001-S-BLK
ajs-next-fdb66e9e921d1e15defcb1673a5ea883,2024-03-20 13:42:55.506000,21.99,SHE-HWS-55021-ML-LAT
ajs-next-28a4ac56fabc9810d499cad51619b95b,2024-02-16 21:21:51.180000,32.99,TRU-LAB-10210-S-BLK
ajs-next-0f494786a188f6b36aebb4ab73dc75fc,2024-04-11 10:02:35.636000,23.99,SHE-SNC-62001-S-BLK
ajs-next-25e3283e10f9d57c3a6590144fe8b2fc,2024-04-09 15:06:57.901000,23.99,SP-SL-S-BLK
ajs-next-56dd073be0eb81bb2d1111c1ce7790fa,2024-02-24 10:26:15.854000,21.99,SHE-SNC-62001-S-BLK
ajs-next-4e52954cc6030ef18726e5e7e1d5ae38,2024-04-10 13:22:20.690000,0,SHE-SP-54008-XSS-BLK
ajs-next-6a248c073723c94f2babde68c7b43b99,2024-03-18 14:27:45.822000,20.99,SHE-HWS-55021-S-BLK
ajs-next-3319fa8f4f4761100f2563af1430d227,2024-03-12 23:14:01.911000,30.99,EMP-HWL-42075-S-BLK
ajs-next-858703dac9ebd95b9f15c279abf807fe,2024-03-05 03:08:51.274000,29,SHE-HWS-55021-S-BLK
ajs-next-9633d29c2444b8d9ed96fe636489a5e5,2024-04-11 00:23:57.881000,34.99,TRU-LAB-10210-S-BLK
ajs-next-aeb80b5c0786b4756268a1386680b458,2024-04-05 15:27:14.686000,0,TRU-SB-91404-XS-WHT
ajs-next-f58f2872d651df790205e858c95c417e,2024-02-18 13:08:12.756000,30.99,EMP-HWL-42075-S-BLK
ajs-next-df9943ceab5b3cdfd20f6bb9f1c9a402,2024-04-04 16:49:37.903000,27.99,EMP-WTS-87045-S-BLK
ajs-next-955344e8474ebfdf00d446b848fb90c0,2024-03-19 15:46:24.857000,36,SHE-HWS-55021-S-BGE
ajs-next-88428065182945f5ba4f31696352ed19,2024-04-09 17:05:35.222000,28.99,TRU-SPB-10022-S-BLK
ajs-next-aed2db8a3002d2236e6eee259891985f,2024-02-18 00:11:21.077000,29.99,SHE-BHEB-13402-S-BLK
ajs-next-06fb22e5df650470579a818be33aba68,2024-04-09 18:40:30.395000,26.99,SHE-SNB-95001-S-RST
ajs-next-a40eebe83cd236c58a3bba2d2883eb4d,2024-04-11 11:00:52.165000,44.99,EMP-BBT-81007-S-BLK
ajs-next-3c38167e1e751c7c426875cf18e4a9e1,2024-04-11 10:34:13.129000,0,SHMNT-22401-S-WHT
ajs-next-c1b1fc226109abc11cb975cd1d2b894b,2024-04-03 17:18:58.863000,12.99,EMP-HWS-55020-S-BLK
ajs-next-207ab3545b315e91a25d3b023001f062,2024-03-20 18:15:34.659000,15.99,TRU-RSB-97097-S-BLK/WHT
ajs-next-638dd6e7693b0e0d8136c6c280ad60ee,2024-03-18 15:35:40.594000,23.99,SHE-SNC-62001-S-NUD
ajs-next-898a44f4bef3ab53406d319586023251,2024-03-28 17:49:59.937000,34.99,TRU-LAB-10210-S-BLK
ajs-next-898a44f4bef3ab53406d319586023251,2024-03-28 17:49:59.937000,34.99,TRU-LAB-10210-S-BLK
ajs-next-cd6f383ef1110270e5acaa4891f2ced0,2024-04-07 14:49:07.772000,45,TRU-CSB-10400-S-BGE
ajs-next-6bacd56609dfe69f781f3bfda5771047,2024-02-16 21:24:26.926000,0,SMNT-FS-22423-S-OCN
ajs-next-0701d7d39177f1608414773fc055a0cd,2024-03-27 13:49:03.131000,20.99,SHE-HWS-55021-S-BLK
ajs-next-f1ddd014c6caa5ce037a39e6df665d04,2024-03-22 20:52:17.788000,23.99,SHE-SNC-62001-S-BLK
ajs-next-c0d548ec5f102d96063eede5c40c7919,2024-01-23 16:32:43.111000,15.99,EMP-HWSS-55024-XS-S-BLK
ajs-next-2fe646225e9023446b0f14551f0b7de6,2024-04-11 14:32:32.371000,29.99,TRU-SPB-10022-S-BLK
ajs-next-84345666f5228606f451f95133d489fe,2024-02-24 02:56:40.518000,32.99,TRU-LAB-10210-S-BLK
ajs-next-02064ecbc30feb5e4250f8b55d07722b,2024-03-10 05:36:10.803000,32.99,EMP-BBT-81007-S-BLK
ajs-next-6dcf9317cd00797bc184ee3d5ac30d16,2024-02-25 18:23:17.738000,30.99,EMP-HWL-42075-S-BLK
ajs-next-e4ec7290ee700b85175f1c0ebe37521a,2024-03-22 03:06:30.640000,23.99,SHE-TKC-62008-S-BGE
ajs-next-ecdec3e5e173f6f02df8147e5b4f2266,2024-04-11 18:26:48.604000,28.99,TRU-WSB-10024-S-BLK
ajs-next-135e6c071061ea4399c2a413c1e83fad,2024-03-26 21:43:40.922000,21.99,SHE-SNC-62001-S-BLK
ajs-next-01bf322d1ade5b5fa49bf9ec81bfa325,2024-04-11 02:45:05.196000,30.99,SHE-BHEB-13402-S-BLK
ajs-next-713c112dfab3c3806e764179ad93f22c,2024-04-04 22:47:29.706000,40,SHE-HWS-55021-XLXXL-BLK
ajs-next-aaf7879ce033a9828f35c4c0809f1114,2024-04-11 15:04:13.642000,23.99,SP-SL-S-BLK
ajs-next-589b078cc25ac6fc945052c3583ad2ae,2024-03-31 18:18:27.761000,15.99,TRU-SB-91404-XS-BLK
ajs-next-f319a6302cca72ba9b34747382c946f5,2024-03-06 05:54:07.138000,32.99,TRU-LAB-10210-S-BLK
ajs-next-9d325a728a9de78dd0c8cdd3fe6e5507,2024-04-11 13:24:27.970000,25.99,SHE-HWS-55021-S-BGE
ajs-next-19577532b01876de371b23a9b84ac9b1,2024-03-18 11:20:11.916000,23.99,SHE-TKC-62008-S-BGE
ajs-next-867d6281a72be863d85f8eb3b122f304,2024-04-11 00:02:36.278000,24.99,SHE-SSST-48001-S-BLK
ajs-next-e8e07f51ccf598614a11df1ed92c02c7,2024-03-18 05:31:15.141000,20.99,SHE-HWS-55021-S-BLK
ajs-next-836fe1025839b61a5ee48bda11ba8bc4,2024-04-11 15:31:13.938000,0,SHE-SP-54008-XSS-BLK
ajs-next-c74c8bca3341d958f322854943945260,2024-03-15 08:25:41.221000,34.99,TRU-LAB-10210-S-BLK
ajs-next-ab5142f176005437aebdd8e7c6ad3106,2024-03-19 20:46:58.021000,40,SHE-SNC-62001-XL-RST
ajs-next-f0082e47975cdc369942a0cf1c03b242,2024-03-22 12:08:56.961000,28.99,TRU-WSB-10024-S-BLK
ajs-next-d6caf1b2ffdaac2d0c6e7a23289f998f,2024-03-23 17:07:23.546000,14.99,TRU-MSB2-51422-XS-S-DUMMY
ajs-next-745977c1e8ca8f53691c6671a303dc8a,2024-03-30 22:05:08.373000,28.99,TRU-SPB-10022-S-BLK
ajs-next-80c38de47a433ec922b9de2f7835dc38,2024-04-11 10:45:54.009000,23.99,SHE-HWS-55021-S-BLK
ajs-next-f06a7468e0e4d8ac7bf830badd02a654,2024-04-03 17:20:20.773000,12.99,EMP-HWS-55020-S-BLK
ajs-next-eccf4c978cc19eb292874eac70957eca,2024-01-21 19:53:14.190000,15.99,EMP-SNC-62001-S-BLK
ajs-next-55969b56636efedfead352dac5c84d0c,2024-01-21 19:56:04.437000,15.99,EMP-SNC-62001-S-BLK
ajs-next-5dec39f223aa16eb3ea9f82a97198044,2024-04-07 14:48:52.481000,45,TRU-CSB-10400-S-BGE
ajs-next-367f73ecc9a3e6d63eceffe74d9873d0,2024-02-20 04:16:17.386000,32.99,SP-SL-S-BLK
ajs-next-f4d8e53a55176f2fe363a6c3133d93f9,2024-03-27 13:31:21.093000,20.99,SHE-HWS-55021-S-BLK
ajs-next-3bb00ce474e58da06e48be7525893ab0,2024-03-20 18:45:18.263000,20.99,SHE-HWS-55021-S-BLK
ajs-next-70ce724bf9489f3571f80e0dce54543c,2024-04-10 14:45:54.618000,27.99,SHE-EMS-52002-S-BLK
ajs-next-44a62fe5e331827d4bd9a6a63d97e13a,2024-02-18 13:12:04.819000,22.99,EMP-HWBS-18437-S-BLK
ajs-next-48a53ddf11a354a1512a8484b04f79c2,2024-02-02 16:21:12.498000,28.99,TRU-WSB-10024-S-BLK
ajs-next-463640e6913a58484431291783fbd37e,2024-04-11 17:44:15.101000,30.99,EMP-HWL-42075-S-BLK
ajs-next-1d3908c3be5d8e2fa117a6ec5a791074,2024-04-10 01:52:05.740000,8.99,SMNT-WB-22428-LTGRAY
ajs-next-4b5a729d5a82fad8adbcacb06f8843be,2024-02-08 09:23:08.511000,29,SHE-SNC-62001-S-BLK
ajs-next-429ce3724066c6aeccdf8f09ad582da6,2024-04-11 10:04:01.516000,30.99,SHE-BHEB-13402-S-BLK
ajs-next-92a0dafeec51eb672c53259c8f48773f,2024-02-05 17:03:01.307000,38,TRU-RSB-97097-XL-HTRC
ajs-next-c1681fab4be532890ac950b248c2f579,2024-02-05 16:17:47.321000,25.99,SHE-HWS-55021-S-BGE
ajs-next-8355afe5a25da0647d222e04a4acb46e,2024-04-05 15:28:14.677000,34.99,TRU-LAB-10210-S-BLK
ajs-next-90a0947d254608cf800651367f9e84d4,2024-02-19 12:15:45.305000,32.99,TRU-LAB-10210-S-BLK
ajs-next-5e7dbe9b9844a409486cee9fbc53ff8b,2024-02-21 04:21:48.798000,21.49,SHE-SNC-62001-S-BLK
ajs-next-7cb12ab7e3c7d03f4eb7fdbe8d4887c7,2024-04-11 18:42:25.774000,18.99,EMP-HWC-42024-S-BLK
ajs-next-321c4720698b71c7209626eeb9e57c15,2024-03-26 20:47:23.703000,15.99,TRU-SB-91401-XS-CHT
ajs-next-04be36496b5e80999ab527ead8092bb8,2024-03-22 02:42:47.427000,25.99,SHE-HWS-55021-S-BGE
ajs-next-77b5772b5688a28576c5cc09b10b5935,2024-03-22 02:35:52.596000,15.99,SHE-SNC-62001-S-BLK
ajs-next-5c8a43f0247899d5dc522d8fc33756a1,2024-02-21 04:19:50.083000,21.49,SHE-SNC-62001-S-BLK
ajs-next-a9cf8deb38548eea3b5c1c5aec89b5aa,2024-01-06 12:37:22.903000,19.99,SHE-SNC-62001-S-BLK
ajs-next-8eab232da7e429778aa37667ee07bab2,2024-01-21 19:56:56.112000,15.99,EMP-HWC-42024-S-BLK
ajs-next-c3872a02b4a4ed27895bb00f671a6afb,2024-04-05 16:17:48.531000,23.99,SP-SL-S-BLK
ajs-next-9d9cfb94714e540979edc7f75b667fde,2024-04-10 13:42:17.807000,25.99,SHE-HWS-55021-S-BGE
ajs-next-f7673f807790eb0b42ef72bf3aa9353e,2024-04-10 13:21:46.927000,15.99,EMP-HWOP-31048-S-BLK
ajs-next-dc568734fa20c628db269f175d1c5801,2024-04-11 11:01:14.493000,36.99,EMP-SLS-81005-S-BLK
ajs-next-0c5fe359dda79ccc433cbd3a4ee7b705,2024-04-11 10:46:58.640000,25.99,SHE-HWS-55021-S-BGE
ajs-next-5a89653810a82e1fbd49f8fcb50edca8,2024-02-16 21:30:00.741000,8.99,TRU-MSB-51422-014-BLK
ajs-next-c77a850bfa5fcf508b6a02db19fa0c93,2024-04-05 15:26:18.790000,34.99,TRU-LAB-10210-S-BLK
ajs-next-e1a65c055e38667adf96faf5ad9b254f,2024-01-05 04:48:27.096000,32.99,TRU-LAB-10210-S-BLK
ajs-next-e4c95273394a9619cd39446df386b2eb,2024-02-19 20:09:07.542000,0,SMNT-WB-22428-LTGRAY
ajs-next-3a4564ac4a663884bb772eeb220c4258,2024-03-29 07:19:43.064000,21.49,EMP-SNC-62001-S-BLK
ajs-next-8f80a9660a9eea703d7147ad5c22e5c5,2024-04-11 15:09:29.125000,32.99,TRU-LAB-10210-S-CHT
ajs-next-c62217a382c36c1ae59ac38fe6131d3d,2024-01-21 17:37:08.203000,32.99,TRU-LAB-10210-S-BLK
ajs-next-f32c1fd68a152d91c4c44f979f6f9b41,2024-04-06 21:49:37.543000,17.99,EMP-SNC-62001-S-BLK
ajs-next-1158b21edb6dcaec2aadf9a8ead4114f,2024-02-13 02:52:42.337000,18,TC-A4-113-S-NUD
ajs-next-69274bacc3de1ac27f24eae58820f21e,2024-03-07 18:08:04.873000,0,SMNT-WB-22428-LTGRAY
ajs-next-21a56a6f5c9c912fbd2265c6c8329eb9,2024-04-11 12:30:42.080000,34.99,TRU-LAB-10210-S-BGE
ajs-next-a89e767ff80c31898bd99abc6f8e97f8,2024-03-31 15:45:53.184000,15.99,TRU-SB-91404-XS-BLK
ajs-next-3c1dc115ae51cf1f1c9968464f42b822,2024-03-25 00:24:25.110000,22.99,EMP-HWL-42075-S-BLK
ajs-next-f10fb7334c8150cff586490060967888,2024-03-20 18:46:24.513000,20.99,SHE-HWS-55021-S-BLK
ajs-next-ca2eaf07cf5eca62ccbd4201292abad8,2024-04-11 13:39:11.205000,13.99,EMP-HWS-55020-S-BLK
ajs-next-afa9bae927a5c47206b2fd36b01e5ec2,2024-04-11 13:39:57.806000,22.99,SHE-HWBS-42066-S-BLK
ajs-next-921a110cad05d88d0cea55bc49dce8ad,2024-04-11 02:47:25.822000,32.99,TRU-LAB-10210-S-CHT
ajs-next-f188dcefeaf4ae9cc1c0015354673e9d,2024-03-03 16:42:17.917000,26.99,SHE-CSL-41402-S-BLK
ajs-next-5f5cc8a83e237faa313562cf82355c17,2024-04-09 19:36:17.136000,45,TRU-SPB-10022-M-WHT
ajs-next-d17a488146c3d65d06c75f9881905690,2024-04-09 19:38:01.999000,21.99,SHE-SNC-62001-S-BLK
ajs-next-54068417e514c1a3055e4c26dad68e9f,2024-03-22 22:21:14.052000,34.99,TRU-LAB-10210-S-BLK
ajs-next-af0a4a4efbdd216ea612d8a444a7623b,2024-04-03 17:24:06.382000,12.99,EMP-HWS-55020-S-BLK
ajs-next-2debf938837269a9b509936bb33f723a,2024-04-11 10:40:49.401000,32.99,TRU-LAB-10210-S-CHT
ajs-next-eb80574bf62676527d357ce6389be509,2024-02-20 04:15:00.834000,36.99,TRU-WSB-10024-S-BLK
ajs-next-f81f1f94518950a957d87c29f091d71e,2024-03-20 18:18:19.058000,15.99,EMP-HWC-42024-S-BLK
ajs-next-77f1692da928dcd95d1b84a093110349,2024-02-23 15:41:34.281000,28.99,TRU-SPB-10022-S-BLK
ajs-next-cfc272a37d8278d1603ca4d24ee631a9,2024-03-25 16:13:38.742000,23.99,SHE-SNC-62001-S-BLK
ajs-next-d7802235ffd77cad665594ad4d244a6c,2024-03-05 22:42:12.314000,32.99,TRU-LAB-10210-S-BLK
ajs-next-35221b03762d0bcdfdaeba8544935cdb,2024-04-11 15:52:23.785000,23.99,SP-SL-S-BLK
ajs-next-7c10b6c1e4d6cc1266f9b836ab28e884,2024-04-11 15:39:40.058000,9.99,SP-SL-S-BLK
ajs-next-e8838e810b15ba91f2376a539667adeb,2024-02-18 13:08:13.872000,30.99,EMP-HWL-42075-S-BLK
ajs-next-35e9b2c47b2aa7cea2b1185070e71e8c,2024-04-10 11:53:57.150000,32.99,SHE-SNC-62001-S-NUD
ajs-next-03cfb4d3f035dc7f4d3940201d1fbc32,2024-04-11 17:43:42.094000,30.99,EMP-HWL-42075-S-BLK
ajs-next-85fb99bc01cb2c87336af6df23918d1f,2024-02-25 18:23:19.226000,30.99,EMP-HWL-42075-S-BLK
ajs-next-0365509b5e61371cd6d643214c2fed49,2024-04-11 05:36:12.129000,19.99,TRU-SB-91404-XS-BLK
ajs-next-585d147e6aa0b21e84156f51a6e812e4,2024-03-18 15:35:23.079000,20.99,SHE-HWS-55021-S-BLK
ajs-next-62d3ac4e9dc204bdf0b07e4d767b79cc,2024-03-07 18:07:56.997000,29.99,SHE-SNB-95001-S-BLK
ajs-next-bafab77635539081b154330cf634334c,2024-04-11 01:46:27.990000,8.99,SMNT-WB-22428-LTGRAY
ajs-next-0a5d3d1fb3ec5683ea83bc37bb32c995,2024-02-11 15:33:01.815000,19.99,SHE-OBC-73001-S-BLK
ajs-next-fd7aa653982bcd152cf30937fbd6c0ca,2024-04-06 21:43:40.361000,22.99,EMP-HWL-42075-S-BLK
ajs-next-7666f1d23fd15cdb59bcdd2639c3b5dd,2024-04-06 21:45:53.337000,20.99,SHE-OBS-73005-S-BLK
ajs-next-58500b03f30434c99775102a00935deb,2024-04-11 16:52:41.663000,29.99,TRU-SPB-10022-S-BLK
ajs-next-32d8b09fb9833c4d09369822b0ac0ea2,2024-04-11 01:27:24.469000,15.99,EMP-HWOP-31048-S-BLK
ajs-next-9975997920fd6a47b7a26aaa5be83979,2024-04-11 12:10:05.740000,0,SHAPERMINT-CLUB-MEMBERS
ajs-next-02a4b8e2b39d7b4dba5b85c214f34194,2024-04-11 12:11:09.747000,0,SHAPERMINT-CLUB-MEMBERS
ajs-next-77e4ee4cdb70bc0834fefabaf6ba2875,2024-04-11 01:54:08.974000,39.99,TRU-CSB-10400-S-BLK
ajs-next-043463df96ce9c8a0e8db2302ffe2688,2024-03-05 16:08:43.048000,28.99,TRU-CSB-10400-S-BLK
ajs-next-28190499340ff83bab7512c46ae2e994,2024-03-20 13:46:00.387000,21.49,SHE-SNC-62001-L-CHT
ajs-next-d99c5f1f9c30899eafc42a0035984074,2024-02-05 16:00:29.375000,22.99,SHE-HWBS-42066-S-BLK
ajs-next-e8f0547998cdda49322d7da227d40e5a,2024-04-11 00:04:37.881000,40,SHE-SNC-62001-L-WHT
ajs-next-2345a810af0308b5431ebd64869595df,2024-04-04 22:46:47.219000,28.99,TRU-CSB-10400-XL-OAT
ajs-next-c6b80997edc3d4d2601118e797532e1a,2024-03-18 05:31:38.549000,20.99,SHE-HWS-55021-S-BLK
ajs-next-df49fdd7f79526f1ebd79289da118810,2024-04-04 14:04:52.680000,25.99,SHE-HWS-55021-S-BGE
ajs-next-813d5572c6cdabf6b390738416e52cac,2024-01-28 07:29:25.705000,20.99,SHE-HWS-55021-S-BLK
ajs-next-dbecbc8b69e43273c2b05eaf38cce6ff,2024-02-05 22:00:23.643000,19.99,SHE-SNC-62001-S-BLK
ajs-next-6ec4caa17230b968695a29d7435e4cf1,2024-04-01 19:15:15.459000,27.99,TRU-CSB-10400-S-BLK
ajs-next-af5bb2af23986efa4f9c275438aabb5f,2024-04-11 18:11:05.591000,23.99,SHE-HWS-55021-S-BLK
ajs-next-a752a7317f4d62f0af5bc024f23fe557,2024-04-09 01:53:52.713000,27.99,SHE-SNC-62001-S-NUD
ajs-next-0a757ebff2cbf1ab13c337674a5058c2,2024-01-16 12:21:18.175000,26.99,TRU-WSB-10024-S-BLK
ajs-next-38f23b1ca126c22968ff1e5db1806af0,2024-01-07 01:20:34.985000,28.99,TRU-CSB-10400-S-BGE
ajs-next-5565d6fa466f9f3f5d688f7697eff73c,2024-04-11 02:48:26.953000,18.99,EMP-HWC-42024-S-BLK
ajs-next-da7c6bcdf7606515d91cb074ffacc114,2024-04-11 15:17:01.893000,12.99,EMP-HWBS-18437-S-BLK
ajs-next-2c25d93ebecf10d2fc35e2f510e7b3cb,2024-04-11 14:10:34.525000,52,SHE-HWS-55021-XLXXL-BLK
ajs-next-39531f67efa405cbde915a71b6ca16f7,2024-03-03 18:37:15.219000,15.99,TRU-SB-91401-XS-CHT
ajs-next-bccfba2ad0fc53415595d4193702c2c0,2024-03-03 18:37:30.345000,15.99,TRU-SB-91401-XS-CHT
ajs-next-3ec66982490b1786f1b78888990ce2a8,2024-03-03 18:37:45.174000,15.99,TRU-SB-91401-XS-CHT
ajs-next-34e4c3c0b82fc721f8afd58dbca6ac9f,2024-03-04 22:31:21.262000,30.99,EMP-HWL-42075-S-BLK
ajs-next-a2e7809a14830169b1087388c8dbb9ac,2024-04-11 01:31:03.878000,34.99,TRU-LAB-10210-S-BLK
ajs-next-6bb583d17973cc58befc0e1cd6e79cef,2024-03-25 20:02:06.601000,29.99,SHE-SNB-95001-S-BLK
ajs-next-adb5cc241e6f22b8a52b36e7a33aea5b,2024-01-20 16:10:58.129000,21.99,SHE-SNC-62001-S-BLK
ajs-next-94ba1558402d147228c2c8b8c911eed0,2024-03-20 18:11:52.109000,15.99,TRU-RSB-97097-S-BLK/WHT
ajs-next-cdeb93657e4835cdc463caa101368eda,2024-03-22 22:21:03.196000,34.99,TRU-LAB-10210-S-BLK
ajs-next-0c8e882db405ecb51356c70037cf80cc,2024-04-11 13:43:42.502000,29.99,TRU-SPB-10022-S-BLK
ajs-next-687ca984e7c1d99bf048eddefbfe6143,2024-04-11 13:28:45.025000,25.99,SHE-EMS-52002-S-LAT
ajs-next-b4dd3b0926e0524c31ac85759d7b73c8,2024-01-20 16:53:35.433000,32.99,TRU-LAB-10210-S-BLK
ajs-next-29ab4e98d2bb38f1bfb529304882ad05,2024-03-06 05:54:33.476000,0,SHE-HWBS-18437-S-BGE
ajs-next-7b00ffb25acbd238fe27876e2c65751a,2024-04-07 01:02:19.543000,18,TRU-SPB-10022-S-CHT
ajs-next-b417aedb8349e478a4c725401ea6a621,2024-01-23 16:28:13.089000,23.99,SHE-SNC-62001-S-BLK
ajs-next-ba61ad17a59cb9a82c15830811e984f5,2024-04-11 11:38:49.113000,32.99,SHE-HWS-55021-S-BLK
ajs-next-0fe6f3532cecb8f9e2d0cdfec048e936,2024-04-06 20:36:46.055000,7.99,TRU-MSB-51422-XS-S-DUMMY
ajs-next-aa7e99ccb35deb890141e11c9ef424ba,2024-03-22 12:09:12.984000,0,SHE-SP-54008-XSS-LAT
ajs-next-9d3207657a62ee060e13bce585573484,2024-04-11 17:43:27.722000,30.99,EMP-HWL-42075-S-BLK
ajs-next-847412f982ef6523ec281fa92977af8e,2024-03-10 05:35:16.786000,22.99,EMP-SSB-81068-S-BGDY
ajs-next-05fd34af59c1fe4f525968481dc9290b,2024-03-05 00:13:34.970000,20,40197877039238
ajs-next-97801f803f6ce99371661ff7859735f4,2024-03-12 16:33:59.177000,30.99,EMP-HWL-42075-S-BLK
ajs-next-347464dc46671452794f6b2211618588,2024-02-21 04:22:33.425000,21.49,SHE-SNC-62001-S-BLK
ajs-next-1a2e54579d734c31033135a789726e93,2024-03-18 03:34:28.221000,19.99,EMP-HWBS-18437-S-BLK
ajs-next-96abca40524ff3c0d0ce9b74186a113d,2024-03-31 15:46:22.072000,15.99,TRU-SB-91404-XS-BLK
ajs-next-881123d5d8371bfe065bc2bde93a3909,2024-03-31 15:53:55.319000,28.99,TRU-SPB-10022-S-BLK
ajs-next-39a696070f841d3a78948acc31a6a9fd,2024-03-23 15:58:34.609000,34.99,TRU-LAB-10210-S-BLK
ajs-next-7c41c303f8bc4a8682fd720e145c5388,2024-03-10 20:18:36.646000,15.99,TRU-SPB-10022-S-BLK
ajs-next-719efb4ed87880308133823c2423d5a2,2024-03-20 18:50:49.457000,17.99,EMP-SNC-62001-S-BLK
ajs-next-19c59edc6418b438b7694ed8694c7afa,2024-03-27 21:01:11.501000,29.99,SHE-SNB-95001-S-BLK
ajs-next-8d011ab5bbfb095348e8fedcb5c07184,2024-03-15 08:26:26.368000,23.99,SHE-SNC-62001-S-NUD
ajs-next-df809f59ff53c903a4e48500119af397,2024-03-18 22:51:39.510000,20.99,SHE-HWS-55021-S-BLK
ajs-next-8551e56f599a09dff218255ae80bea95,2024-04-06 20:37:03.432000,7.99,TRU-MSB-51422-XS-S-DUMMY
ajs-next-72c4f357d36c148a1f663885c1228c47,2024-03-03 18:50:34.644000,28.99,TRU-WSB-10024-S-BLK
ajs-next-1b8b27684f9d0fc831ea519cdae1dca7,2024-04-11 17:45:06.108000,26.99,EMP-HWOP-31048-S-BLK
ajs-next-424597ecc98dc36f671a08b410367090,2024-03-20 14:53:55.387000,21.49,SHE-SNC-62001-S-BLK
ajs-next-b048504582f02aba4a96f12739ca98ec,2024-04-11 12:34:04.910000,12.99,TRU-MSB3-51422-BLK-XSS
ajs-next-2b7ceb945bd20da87a1831006f8b4513,2024-01-31 19:34:14.525000,28.99,TRU-CSB-10400-S-BLK
ajs-next-0ae3c4b2875c045385efa0df54ab153a,2024-04-03 01:16:03.184000,28,SHE-SNC-62001-S-LVD
ajs-next-67ae80b6a3e579243c6177d48dcf2f84,2024-01-25 16:13:52.817000,22.99,SHE-TKC-62008-S-WHT
ajs-next-d53e64448fa3a5de5e492ea4a0e8e86d,2024-04-11 00:02:28.532000,24.99,SHE-SSST-48001-S-BLK
ajs-next-37e245f80bce59e1598ab12eef748b9e,2024-04-11 00:03:04.848000,21.99,SHE-SNC-62001-S-BLK
ajs-next-37cdf557064f014c57ba8a7b40c3158a,2024-03-15 08:26:11.131000,23.99,SHE-SNC-62001-S-NUD
ajs-next-ceb47564bafca108da066da69c6501c5,2024-04-11 15:24:20.516000,9.99,SP-SL-S-BLK
ajs-next-532bf711ac9fc3ec4df5f29fe2847e6f,2024-03-10 05:35:05.145000,18.99,EMP-SSB-81068-S-BGDY
ajs-next-73b058dddb3b40265d2da90889e42f14,2024-03-05 00:12:59.889000,20.00,EMP-HWS-55020-ML-BLK
ajs-next-7ac9cd9308ae684a32f7ecca37f6e098,2024-03-07 18:09:44.335000,29.99,SHE-SNB-95001-S-BLK
ajs-next-ed8dc1be2cd08d8be39071a6c8b7b9e5,2024-01-20 16:57:48.403000,32.99,TRU-LAB-10210-S-BLK
ajs-next-cbb609d11355efded5f5d35265da817e,2024-03-10 20:18:39.670000,0,EMP-SP-SL-54001-S-SND
ajs-next-149c870f2bb5adaf853e6bd6183c90f8,2024-03-11 20:37:28.803000,0,SHE-HWBS-18437-S-BGE
ajs-next-4ba5bb5e6f8c3331627c58b042529268,2024-04-11 15:20:10.976000,29.99,SHE-SNB-95001-S-BLK
ajs-next-2b66940b1b86193c73d67c0999993797,2024-04-05 02:18:06.201000,28.99,TRU-CSB-10400-S-BLK
ajs-next-819c0e552db11f9686f0c9b1a8f68f00,2024-01-06 07:25:50.365000,20.99,SHE-HWS-55021-S-BLK
ajs-next-324fc829b1f2fda46fec68ce1eeae687,2024-02-14 16:33:52.120000,0,EMP-SP-SL-54001-S-SND
ajs-next-ceb0bea8f093c3059033c1d2d82cecb4,2024-01-28 07:29:56.036000,0,SP-SL-S-BLK
ajs-next-6007b970deec6354bebac6fcef780ad2,2024-04-11 16:43:26.999000,29.99,SHE-EMS-52002-S-BLK
ajs-next-f1e7e2bd2cadddca851326a7b5c6acd9,2024-03-18 16:21:41.593000,0,SHE-HWBS-18437-S-BGE
ajs-next-fb253b288f876593ee0f5aaf119f8075,2024-04-11 12:31:12.941000,34.99,TRU-LAB-10210-S-BGE
ajs-next-342b18552b24b1dff7a34da30392198d,2024-04-11 12:35:22.700000,15.99,TRU-AWS-51401-S-BLK
ajs-next-d9d74bb771d8eee8f1ce5815c9064b9d,2024-03-10 01:04:21.753000,26.99,SHE-SSST-48001-S-CHAI
ajs-next-7280667b69be712338b8bb9daa7f97eb,2024-03-10 16:07:02.369000,16.99,TRU-MGS-38422-014-BLK
ajs-next-a4d84aedba2d35de2945c4ed4486394f,2024-02-14 20:17:42.651000,0,SMNT-FS-22423-S-OCN
ajs-next-64940f200c107e509074e097dd886c29,2024-04-11 10:33:38.613000,47.99,TRU-LAB-10210-S-BLK
ajs-next-76d3eed85bb4a47b7aa05182e586a5ad,2024-01-27 15:48:27.877000,32.99,TRU-LAB-10210-S-BLK
ajs-next-e2e7e8e85361ec166ee60312959ad76f,2024-04-05 10:58:12.173000,32.99,SHE-BHEB-13402-S-BLK
ajs-next-57c6a6de8d69dbdace86e57f3bade614,2024-03-18 05:31:37.752000,20.99,SHE-HWS-55021-S-BLK
ajs-next-cba4b4e8ad5cf3b76572daaac8204967,2024-03-05 02:52:12.068000,20,40197877039238
ajs-next-36d66d0fafe15c77e32f9221a9a9436a,2024-04-11 02:40:10.846000,25.99,SHE-EMS-52002-S-LAT
ajs-next-bec98d1778228e81e08fa527a1dd4541,2024-02-18 13:08:50.815000,30.99,EMP-HWL-42075-S-BLK
ajs-next-bcb58cbdbc5242938933fab5fb5d731a,2024-04-11 11:28:16.663000,14.99,SHE-HWS-55021-S-BLK
ajs-next-bcb58cbdbc5242938933fab5fb5d731a,2024-04-11 11:28:16.663000,14.99,SHE-HWS-55021-S-BLK
ajs-next-73178ef9676b14bf5ee643c54781b7e6,2024-04-06 20:39:11.122000,17.99,EMP-SNC-62001-S-BLK
ajs-next-94e40356d263b570981106646cd97ceb,2024-01-28 07:34:17.126000,33.99,SHE-SNB-95001-S-BLK
ajs-next-ba057b98fde24714d02875b900a0c702,2024-04-11 16:53:31.066000,29.99,TRU-SPB-10022-S-BLK
ajs-next-1b7fc020964a13c33b891a509f1c7bae,2024-03-18 16:21:39.192000,27.99,EMP-SSB-81068-S-BLK
ajs-next-6be4f8e5aa4c1752a8fbeddb8dc8d052,2024-03-23 14:00:14.478000,19.99,SHE-OBC-73001-S-BLK
ajs-next-b3463dabf3b96823e2e9aa605f29063f,2024-02-17 23:25:48.213000,19.99,SHE-CSL-41402-S-BLK
ajs-next-38743abd4ef2c556e62b1de36fa8c419,2024-02-19 20:09:25.287000,20.99,SHE-HWS-55021-S-BLK
ajs-next-e6e8e1147420719e91f74bbdc5fa140c,2024-03-29 19:23:22.092000,7.99,TRU-MSB-51422-XS-S-DUMMY
ajs-next-c04ce984dde4eec3d598c2610438ad0a,2024-04-11 11:41:15.555000,32.99,TRU-CSB-10400-S-BLK
ajs-next-2193029c1e8eaeab636b95507604dc26,2024-04-04 16:43:57.934000,21.99,SHE-SNC-62001-S-BLK
ajs-next-345a4a57038de31ef6116682b9dfbf41,2024-04-04 16:44:12.059000,21.99,SHE-SNC-62001-S-BLK
ajs-next-081b36f00d0090012251279d6497a65d,2024-03-11 15:13:13.221000,40,TRU-SPB-10022-S-BLK
ajs-next-345c17cc996c2e97c61e66baabf68715,2024-02-12 03:41:05.609000,7.99,TRU-MSB-51422-XS-S-DUMMY
ajs-next-c8d1fd1e381030a51a8aa16852ddccdd,2024-04-11 17:05:50.389000,26.99,TRU-RSB-97097-S-BLK/WHT
ajs-next-b1387b6821cca3d7e3418f03b831f418,2024-04-11 13:35:44.455000,25.99,SHE-EMS-52002-S-LAT
ajs-next-a6bd047279b9ebacd9b525abac153068,2024-01-27 15:48:58.043000,0,SP-SL-S-NUD
ajs-next-58822991c968aad09e571df9eec43723,2024-03-27 13:31:20.418000,20.99,SHE-HWS-55021-S-BLK
ajs-next-ed7236f5f05c2c017fcb60ed62440cfc,2024-04-11 02:43:57.309000,28.99,TRU-SPB-10022-S-BLK
ajs-next-16ee9275cb2f4c1840750be2cb93485a,2024-02-22 21:16:09.421000,7.99,TRU-MSB-51422-XS-S-DUMMY
ajs-next-2383d8a6fdc8b8fa6f91b7f132efb4b6,2024-04-11 15:43:51.096000,13.99,EMP-HWS-55020-S-BLK
ajs-next-969a83f73e578055304ed91bb48668d8,2024-04-06 21:49:41.860000,17.99,EMP-SNC-62001-S-BLK
ajs-next-cc595195ef474ffe6a5bf51ad727898a,2024-02-25 18:23:20.081000,30.99,EMP-HWL-42075-S-BLK
ajs-next-b21e7999b63a6a2ad650f48b175b5c85,2024-02-25 18:23:20.764000,30.99,EMP-HWL-42075-S-BLK
ajs-next-9cf1089a719fdb619ee4fee520a45b7e,2024-04-11 16:30:52.301000,28.99,TRU-CSB-10400-S-BLK
ajs-next-2cdedd6c27936c2ff3d588d8edaadc77,2024-04-11 08:51:33.745000,29.99,TRU-SPB-10022-S-BLK
ajs-next-7a787e6832b0375e0db72295df04b99c,2024-04-11 01:44:16.794000,27.99,SHE-SNC-62001-S-NUD
ajs-next-912911d801d29ab3ea47b5453f7e1c55,2024-04-01 13:50:14.332000,28.99,TRU-SPB-10022-S-BLK
ajs-next-539c5b9a6c08c6fc47ededdebd54dcbd,2024-03-27 13:49:00.491000,20.99,SHE-HWS-55021-S-BLK
ajs-next-08795cca7b57168d2de1c19ada7f731a,2024-04-01 15:12:48.469000,27.99,EMP-WTS-87045-S-BLK
ajs-next-08795cca7b57168d2de1c19ada7f731a,2024-04-01 15:12:48.469000,27.99,EMP-WTS-87045-S-BLK
ajs-next-e86976a8fbd81a015463887040ab1e85,2024-03-20 13:47:04.527000,21.49,SHE-SNC-62001-L-NUD
ajs-next-cc2629231912e0192f4557c94efde92e,2024-03-20 13:27:38.570000,21.49,SHE-SNC-62001-S-BLK
ajs-next-0671ea7210b3cefa14428678e51d46b2,2024-02-19 20:25:16.393000,15.99,EMP-HWP-54007-S-BLK
ajs-next-c6ccb11534e4a8af23ee6580c1ac5347,2024-03-22 22:23:08.590000,34.99,TRU-LAB-10210-S-BLK
ajs-next-ac2e4637ce6a3f364c7908f3a41f82d5,2024-04-06 18:37:27.307000,22.99,EMP-HWBS-18437-S-BLK
ajs-next-850ddc40256f85c167d8b4c20f3bebc2,2024-04-11 10:08:05.667000,30.99,SHE-BHEB-13402-S-BLK
ajs-next-9c5bda9c7f2e4cde5e4ebe5e5cdb3856,2024-03-10 16:05:07.191000,16.99,TRU-MGS-38422-014-BLK
ajs-next-ef4b551b470620c305ce904b1850ec0e,2024-03-20 18:15:12.734000,15.99,TRU-RSB-97097-S-BLK/WHT
ajs-next-d672c0dbced354785356dbf50e579e8c,2024-04-05 15:22:13.882000,34.99,TRU-LAB-10210-S-BLK
ajs-next-7556a0e16873d44a796f345a663c8ec4,2024-03-18 11:12:23.906000,25.99,SHE-HWS-55021-S-BGE
ajs-next-8c33d25b9c0b5e5e641a0ecef5167cfb,2024-03-04 20:23:27.702000,19.99,SHE-SNC-62001-S-LVD
ajs-next-1b053f97eedf7f2cb969f42d34660cc8,2024-01-23 16:28:30.373000,23.99,SHE-SNC-62001-S-BLK
ajs-next-dc865e623bd941470e399f0da2940058,2024-02-24 06:56:45.952000,21.99,SHE-SNC-62001-S-BLK
ajs-next-e923c1d9c77f3e00abd2d951e189503e,2024-04-08 20:03:21.512000,32.99,TRU-CSB-10400-2XL-BLK
ajs-next-f899f295f26dd4e579900051a00b1898,2024-04-11 15:08:21.040000,22.99,EMP-HWBS-18437-S-BLK
ajs-next-03bbcaaacd231405538dfa8292cbda94,2024-03-29 19:23:30.810000,7.99,TRU-MSB-51422-XS-S-DUMMY
ajs-next-8ab1773cb169036fcf141b679da0e2ae,2024-04-09 17:06:07.476000,28.99,TRU-SPB-10022-S-BLK
ajs-next-0fd90c786c2e9e71ae9e230f8eefdaaf,2024-04-11 08:49:20.454000,19.99,TRU-SB-91404-XS-BLK
ajs-next-afd17a87702bf616118351112fd5d7b4,2024-04-11 08:30:22.544000,20.99,EMP-OBB-73003-S-NUD
ajs-next-0adeb9bfa39a357f343ed38baea3ea8c,2024-03-31 15:54:39.826000,28.99,TRU-SPB-10022-S-BLK
ajs-next-a0adc20159fb3703d6e1cc513f9e9101,2024-04-03 01:12:24.488000,45,TRU-CSB-10400-S-BGE
ajs-next-03c237eaa8591d56fb8cb6401492075c,2024-03-25 07:29:53.343000,26.99,TRU-SPB-10022-S-BLK
ajs-next-099849635f8249e114c28723d7890083,2024-02-16 21:21:26.162000,32.99,TRU-LAB-10210-S-BLK
ajs-next-4b78aa7aa193b097ac6654370e603d6f,2024-04-11 13:35:06.615000,24.99,SHE-SSST-48001-S-BLK
ajs-next-b9c157f58c552a638831020455f1799b,2024-03-03 16:46:20.528000,15.99,TRU-SB-91401-XS-CHT
ajs-next-aeab304b0c8efa2e7cf10f439d24bc10,2024-04-01 15:53:55.623000,15.99,TRU-SPB-10022-S-CHT
ajs-next-093727f89e851a9ea7d2fdcef4b4fa3c,2024-01-25 16:14:31.878000,23.99,SHE-SNC-62001-S-BLK
ajs-next-ca43dd34576ff62f6f35474b319bc57d,2024-01-25 16:17:40.110000,23.99,SHE-SNC-62001-S-BLK
ajs-next-b844cfacbdab2446b21c4bba37fb633d,2024-04-11 02:29:08.431000,29.99,TRU-SPB-10022-S-BLK
ajs-next-5a7f0733df70868001a6cff6ed6d052d,2024-02-02 14:31:54.865000,26.99,TRU-WSB-10024-S-BLK
ajs-next-53868c0be89171f0511629a51084999f,2024-04-11 15:30:57.683000,19.99,EMP-HWS-55020-S-BLK
ajs-next-4b52bf01e2d737a3f74e0ab9e53540e5,2024-03-19 20:42:24.733000,21.49,SHE-SNC-62001-S-BLK
ajs-next-2f6fea1cb1b880baeb32e288d62941c1,2024-04-11 12:06:34.961000,30.99,EMP-HWL-42075-S-BLK
ajs-next-75db1a685e03a460419e45dd2059e9af,2024-04-11 14:40:20.396000,28.99,TRU-SPB-10022-S-BLK
ajs-next-e7ae3abb3b6aa3d21f3d12671524d626,2024-04-11 12:35:15.813000,15.99,TRU-AWS-51401-S-BLK
ajs-next-bd64a4b55868c831ea67fc81e6956952,2024-03-09 02:47:44.313000,23.99,SP-SL-S-BLK
ajs-next-47da7b25beb80241579c6f44e23dc7b1,2024-03-05 02:52:06.961000,20.00,EMP-HWS-55020-ML-BLK
ajs-next-e396d95fac5431469a032508ae97fb77,2024-02-19 20:16:05.349000,26,TRU-MSB-51422-1624-NUD
ajs-next-ec32534def675f91d50cfbe807604a87,2024-04-11 11:55:06.216000,30.99,EMP-HWL-42075-S-BLK
ajs-next-b2260512bbd6a0a7bf3cd6eb9f3e2868,2024-02-10 21:24:29.184000,32.99,TRU-LAB-10210-S-BLK
ajs-next-03134757d6828b56ace0a2c2f6a9330b,2024-04-11 12:38:32.026000,39.99,SHE-SP-54008-XXXXL-BLK
ajs-next-45da189313337a2cfe3546a17e4c378c,2024-04-11 01:09:38.257000,29.99,TRU-SPB-10022-S-BLK
ajs-next-0eee06ecfd83e94cbe6ce1d67ab03159,2024-04-11 02:43:11.261000,30.99,SHE-BHEB-13402-S-BLK
ajs-next-32053d3ab8a5a6733d51c39c1227f2cd,2024-02-16 21:33:37.070000,14,SMNT-SKL-22408-S-L-BLK
ajs-next-0f54aa2f8190249c43a3068b74508acb,2024-02-11 03:56:55.838000,20.99,EMP-HWBS-18437-S-BLK
ajs-next-0bdd83d2ed0da62e419a80fc0e62092e,2024-02-01 00:49:19.519000,32.99,TRU-LAB-10210-S-BLK
ajs-next-8a048e9e8b8308aa2a1b903c9b773f57,2024-04-03 17:24:05.442000,12.99,EMP-HWS-55020-S-BLK
ajs-next-85f11a257dc4c8b4f864dc47ee0cddba,2024-04-03 17:24:04.750000,12.99,EMP-HWS-55020-S-BLK
ajs-next-90fe6f3307779a6fe68a8326624e4de3,2024-04-11 10:19:11.349000,28.99,TRU-SPB-10022-S-BLK
ajs-next-fa29a614f362f7e2d76a5429196569a6,2024-04-11 10:07:44.260000,30.99,SHE-BHEB-13402-S-BLK
ajs-next-99290e7a53f8c98067b6512d2daaf83f,2024-04-11 06:14:35.333000,47.99,SHE-SNU-95002-S-BLK
ajs-next-ff14133d55e119b7b547348d1e54cbc5,2024-01-25 16:14:44.997000,23.99,SHE-SNC-62001-S-BLK
ajs-next-8736fccc258790dbe752de3b229b58a4,2024-04-11 14:04:20.648000,19.99,EMP-OBC-73001-S-NUD
ajs-next-e584e559c2a810c568b3c8eb4a1fbed5,2024-04-11 13:36:56.668000,7.99,TRU-MSB-51422-XS-S-DUMMY
ajs-next-a5e569fa50b78623232223018ea3d7f3,2024-03-03 16:46:02.661000,15.99,TRU-SB-91401-XS-CHT
ajs-next-1b11a78289c454570a0b30d96ecf2854,2024-03-11 20:37:42.075000,45,TRU-LAB-10210-S-BLK
ajs-next-6e974fe83047fa4fc7c6a9b45f9e24a1,2024-03-19 20:48:46.339000,40,SHE-SNC-62001-XL-DPNK
ajs-next-c39ec8bac5cac032a74f8bc48040ce89,2024-04-11 15:50:20.947000,23.99,SHE-SNC-62001-S-NUD
ajs-next-63481a94e79790f693cb902e4d7dcadc,2024-04-11 11:37:33.085000,32.99,SHE-HWS-55021-S-BLK
ajs-next-fe783ef7d4d52ad929fe29cf47f731ac,2024-04-11 15:09:47.167000,32.99,TRU-LAB-10210-S-CHT
ajs-next-e1ae52deac1e23aaf3e219076e2181b7,2024-04-06 20:34:56.291000,23.99,SHE-SNC-62001-S-BLK
ajs-next-20bdd63dbb2bbbc2d6c0d88f60346513,2024-01-21 15:02:20.013000,32.99,TRU-LAB-10210-S-BLK
ajs-next-d189ff528b46c33c5684820c3515ae27,2024-01-25 19:27:05.302000,28.99,TRU-CSB-10400-S-WHT
ajs-next-0aae8abe272eff0763a5d21368a76814,2024-04-05 13:40:37.586000,41,SHE-EMS-52002-S-BLK
ajs-next-081d2d4f8d9a7260492e3fb004465ea7,2024-03-19 20:41:45.263000,21.49,SHE-SNC-62001-S-BLK
ajs-next-735a3459c484483c090e78fa6b3b65be,2024-03-11 20:37:04.685000,45,TRU-LAB-10210-S-BLK
ajs-next-b78db32b3713c7c820c5e0765496ae82,2024-02-18 13:10:48.099000,19.99,SHE-OBC-73001-S-BLK
ajs-next-e485f98d0d8b33a2865f7bc9f2bd9fd5,2024-03-15 12:23:02.620000,20.99,SHE-HWS-55021-S-BLK
ajs-next-94ff12fdba354393204ce20723dc6b52,2024-03-20 18:14:15.490000,15.99,TRU-SB-91404-XS-BLK
ajs-next-1edddebbdbe0db347e78485bd6582c6a,2024-03-20 18:53:42.626000,13.99,EMP-HWS-55020-S-BLK
ajs-next-2e213481411619f7d69d3b5dfdf408b7,2024-02-25 12:33:28.201000,13.99,EMP-HWS-55020-S-BLK
ajs-next-5a7311df6fb7084cddeb865f2ed37994,2024-04-10 13:42:48.810000,25.99,SHE-HWS-55021-S-BGE
ajs-next-84fee5013f14d233ec2e32bf7116ea63,2024-02-14 16:05:58.684000,26.99,SHE-SSST-48001-S-CHAI
ajs-next-9ef046844dabb175bc6c63172fce7345,2024-04-11 13:55:44.512000,26.99,SHE-SSST-48001-S-BLK
ajs-next-71d6bc5c5cd507ff8ea313456f729c07,2024-02-19 13:37:17.987000,22.99,EMP-CP-44001-S-BLK
ajs-next-85f7afb2c2ca514b26d96dc7cb6310b3,2024-04-11 15:46:12.140000,12.99,EMP-HWBS-18437-S-BLK
ajs-next-520f3b1af002c90b962e301b4e5b7e06,2024-01-03 04:41:45.590000,19.99,SHE-SNC-62001-S-BLK
ajs-next-37dd0c6e34db85ef18b5c8cbb8457d4e,2024-03-27 20:19:05.116000,20.99,SHE-HWS-55021-S-BLK
ajs-next-f919f14d28f0eed3cd05e52256857459,2024-03-27 20:19:05.162000,20.99,SHE-HWS-55021-S-BLK
ajs-next-c14a076cd826d0fb515b7a9d9ff94e6e,2024-03-23 14:04:10.793000,23.99,SHE-TKC-62008-S-BGE
ajs-next-504fe71248e877d69d0f243cd29face7,2024-02-05 16:09:43.218000,19.99,SHE-AWSP-52005-XSS-BLK
ajs-next-3fe4cc56abd753865afb7d4c2805463e,2024-03-15 08:27:17.290000,23.99,SHE-SNC-62001-S-NUD
ajs-next-4b8a9cd6060bd90c41501caf88bb1577,2024-04-11 11:55:22.085000,30.99,EMP-HWL-42075-S-BLK
ajs-next-4f0c7b4fc941bb79c117cd5b2f348bb1,2024-02-18 13:08:10.847000,30.99,EMP-HWL-42075-S-BLK
ajs-next-043d61e2b51c56bd7317a9c695b3ab04,2024-03-30 00:56:28.297000,20.99,SP-SL-S-BLK
ajs-next-d92044cc5c8028f04f686d25d37ec066,2024-03-11 14:49:04.413000,28.99,TRU-SPB-10022-S-BLK
ajs-next-ca74ab916f2e3c4f13e8989bf269d264,2024-01-21 14:59:47.011000,29.99,SHE-BHEB-13402-S-BLK
ajs-next-d3a2d4867f8ea42d03332eed63743c67,2024-03-29 19:28:37.239000,15.99,TRU-AWS-51401-S-BLK
ajs-next-811dc6f40ca96b2b7603ba3d1820e9a5,2024-03-29 19:39:38.037000,15.99,TRU-AWS-51401-S-BLK
ajs-next-69460f8541e6588d1b3ceba2e9950995,2024-04-07 02:41:16.979000,37,EMP-HWOP-31048-S-BLK
ajs-next-62802412ca9a53fd8a040f420477d9c4,2024-04-09 17:05:42.090000,28.99,TRU-SPB-10022-S-BLK
ajs-next-9dfcacc059fc1b39cf1187bb87e42898,2024-02-24 06:46:35.155000,21.99,SHE-SNC-62001-S-BLK
ajs-next-728219f2c7c806d40b0e829ae0417a37,2024-03-29 19:27:39.630000,17.99,SHE-AWSS-51009-XSS-BLK
ajs-next-c838fcb3b0480bc21de499a6e61f8bb5,2024-03-29 19:41:27.690000,15.99,TRU-AWS-51401-S-BLK
ajs-next-c4a5675837f8a4201520d1ea0ac09e55,2024-03-15 08:26:49.176000,19.99,SHE-SNC-62001-S-NUD
ajs-next-65ffaf898d74211bd97b216e4d1c9fa2,2024-03-25 15:52:36.267000,28.99,TRU-SPB-10022-S-BLK
ajs-next-28e18122d876453c00684fa4794ff2e6,2024-02-21 21:24:59.292000,28.99,TRU-CSB-10400-S-BLK
ajs-next-34ad47cc80ad8fd9d8b0689bf740b398,2024-04-11 14:48:36.010000,39.99,TRU-SPB-10022-S-BLK
ajs-next-4d729fa4486929eecdf846bb3ec42d05,2024-04-11 17:44:25.124000,30.99,EMP-HWL-42075-S-BLK
ajs-next-ff5279042b79efa25b85db39281e4866,2024-02-13 13:10:11.906000,28.99,TRU-SPB-10022-S-BLK
ajs-next-53778e2e5399db43832b3681adf57da5,2024-02-08 09:23:11.843000,0,SMNT-TB-22411-DRKSHRPNK
ajs-next-0dc81d41b6cf337b0249af9227661938,2024-03-05 00:13:11.810000,20.00,EMP-HWS-55020-XXXL-CHT
ajs-next-46d0e1f886b14ea07db0ca72a783a176,2024-04-11 16:51:36.503000,35.99,SHE-SSSB-95006-S-CHAI
ajs-next-de2ad93398cca998d94163cad32d84d3,2024-03-16 03:27:39.272000,23.49,SHE-SNC-62001-S-BLK
ajs-next-e81cc9f450f2913ea073b57e32c1721e,2024-03-16 03:28:10.126000,0,SHE-SP-54008-XSS-LAT
ajs-next-101d088b9cee2b69990c1711e9a7eb43,2024-04-11 06:17:06.657000,54.99,SHE-FHT-81009-S-BLK
ajs-next-ac2988e535a8f0d659c61a1d56fca95e,2024-04-11 06:13:35.081000,42.99,SHE-BHEB-13402-S-BLK
ajs-next-9153bb7e667de029fa43dab5e692c1f7,2024-03-18 05:31:47.001000,20.99,SHE-HWS-55021-S-BLK
ajs-next-c2f380e59081ac5037ca6445d844bc2d,2024-04-11 02:28:52.824000,29.99,TRU-SPB-10022-S-BLK
ajs-next-4ee6f52061a96a42154af6e2927ab7d3,2024-03-29 20:17:00.742000,0,SHE-SP-54008-ML-BGE
ajs-next-73860a32bd3baf1e7aec015dc73e917e,2024-04-11 17:40:54.733000,15.99,EMP-HWOP-31048-S-BLK
ajs-next-5cf6fd3cf87605d201a68d8e7818c98e,2024-04-09 17:06:13.834000,28.99,TRU-SPB-10022-S-BLK
ajs-next-00cf9c89cd7dda3534631182b8ccb2c1,2024-04-11 00:23:59.948000,25.99,SHE-EMS-52002-S-LAT
ajs-next-c13f8b97216cc1f214859743d5dbc7b5,2024-03-12 23:16:09.035000,15.99,SP-SL-S-BLK
ajs-next-97a29038458ee07150aaf073b01a351c,2024-03-12 23:18:45.091000,28.99,TRU-SPB-10022-S-BLK
ajs-next-f8434bab719a886885aa04e8abf0f597,2024-03-15 12:23:16.140000,20.99,SHE-HWS-55021-S-BLK
ajs-next-543ca26389ee1a82de7a35ec5cd80286,2024-03-29 19:22:45.710000,7.99,TRU-MSB-51422-XS-S-DUMMY
ajs-next-05e02763357599c10c1d1ae07e38a5df,2024-03-19 15:43:48.649000,28.99,TRU-SPB-10022-S-BLK
ajs-next-bcafdb6ea9bbbc724e4e2eb5744bb7cf,2024-03-20 14:54:23.960000,21.49,SHE-SNC-62001-S-BLK
ajs-next-2a0cff185fecec84e84c00aea08f7ced,2024-03-29 20:16:57.424000,28.99,TRU-SPB-10022-S-BLK
ajs-next-829d20cd3e1fc88cb32b29631bddc142,2024-04-10 01:39:39.239000,8.99,SMNT-WB-22428-LTGRAY
ajs-next-3be83830dcbf89daf79ae01f6ef23b96,2024-04-09 19:38:32.516000,21.99,SHE-SNC-62001-S-BLK
ajs-next-90dffa2683ee9807a97bac9d1358fd55,2024-04-07 16:23:50.890000,34.99,TRU-LAB-10210-S-BLK
ajs-next-b96778dbcbf53475a1ef8857502f7fc2,2024-03-17 16:59:26.405000,28.99,TRU-WSB-10024-S-SEA
ajs-next-962f209be1d7304318a441d276584470,2024-04-11 15:08:42.229000,32.99,TRU-LAB-10210-S-CHT
ajs-next-bb7d1ee0fbd0d2b50d57b09d5166bd0d,2024-04-04 16:44:25.264000,21.99,SHE-SNC-62001-S-BLK
ajs-next-11369ad1c0f5c9005194314e65f7b2ad,2024-04-07 02:41:32.926000,37,EMP-HWOP-31048-S-BLK
ajs-next-47ce26ecb5a3b6ec31ea1f24cbbc0404,2024-04-07 02:44:23.672000,22,EMP-HWC-42024-S-BLK
ajs-next-7faf8d45f9358c24181e279f41c4662b,2024-04-04 15:05:00.290000,20.99,EMP-OBB-73003-S-NUD
ajs-next-72249cf1fba0111069c27fe801635841,2024-02-24 02:55:38.833000,19.99,SHE-SNC-62001-S-BLK
ajs-next-054c3100297f32bceafbb377de7607b6,2024-04-11 16:16:20.223000,18.99,EMP-HWT-98099-S-BLK
ajs-next-2e804bbcefc63281b82dfeba07b4d64a,2024-04-11 16:55:06.331000,24.99,SHE-SSST-48001-S-BLK
ajs-next-800bca40f6eab08ce79f4a59da9e4506,2024-04-05 13:40:40.494000,0,SHE-SP-54008-XSS-CHT
ajs-next-b16129188b1bf9cdea5ae01fd1747063,2024-03-17 16:59:44.573000,28.99,TRU-WSB-10024-S-SEA
ajs-next-68dacbf3beb847e91883f97758220117,2024-02-13 02:53:28.165000,18,TC-A4-113-S-NUD
ajs-next-48ecbccf25e3759e700213e82fe28db4,2024-04-11 01:10:50.028000,29.99,TRU-SPB-10022-S-BLK
ajs-next-a22b631f31a580e9f8fa3b06575dca98,2024-03-10 01:07:48.922000,60,EMP-SSB-81068-L-BLK
ajs-next-d4b34ed9a7057d1458fb1afa69ff9135,2024-04-01 16:28:02.254000,15.99,EMP-HWS-55020-S-BLK
ajs-next-53bc69351d01a4fdaaddef90c6419709,2024-03-05 00:07:29.426000,18.99,EMP-HWC-42024-S-BLK
ajs-next-d8d82e083a29dc048287b4a0329b82e8,2024-04-07 16:23:58.254000,34.99,TRU-LAB-10210-S-BLK
ajs-next-dd9ff74902d28cc30a5760ae640ad2c6,2024-03-04 22:31:21.915000,30.99,EMP-HWL-42075-S-BLK
ajs-next-b3a86b50f69dd61df514eebe5addb9a6,2024-02-16 21:24:06.703000,19.99,TRU-SB-91404-XS-BLK
ajs-next-e611cdfcd6600284952b0bc41aa8bdf6,2024-04-08 15:14:37.452000,45,TRU-CSB-10400-S-BGE
ajs-next-5cb06defd92694c6bf72e5491e95ce12,2024-04-03 17:24:05.861000,12.99,EMP-HWS-55020-S-BLK
ajs-next-b01f0f4f887e1152762b95258e373bcc,2024-02-19 20:09:00.512000,20.99,SHE-HWS-55021-S-BLK
ajs-next-81e8d69681688e2a669e1d69736c9aef,2024-02-19 20:25:49.546000,15.99,EMP-HWP-54007-S-BLK
ajs-next-c472e25816f4d525ae9699c77c503db9,2024-03-23 13:58:12.507000,25.99,SHE-HWS-55021-S-BGE
ajs-next-8fad9c721ee77128f9b149bdf058132f,2024-01-23 16:23:23.020000,17.99,TRU-SB-91404-XS-BLK
ajs-next-981b2351aaa71c04230e42523b05f6f8,2024-03-20 13:27:58.425000,0,SHE-SP-54008-XSS-LAT
ajs-next-0ab54e5ad3a99415c4c0635392f8565d,2024-04-11 14:32:16.067000,29.99,TRU-SPB-10022-S-BLK
ajs-next-3823cac49454dc1db7c41a9bfb4ec29a,2024-03-17 16:57:26.933000,28.99,TRU-SPB-10022-S-BLK
ajs-next-8aaf94d86bba32292b8c93689efe353f,2024-03-17 16:57:55.002000,28.99,TRU-SPB-10022-S-BLK
ajs-next-5b221e82acf20106573be8c1c4259f33,2024-04-11 08:50:14.353000,29.99,TRU-SPB-10022-S-BLK
ajs-next-7b474723863db264d5d3e3cf48a5fbe1,2024-02-12 03:40:29.948000,7.99,TRU-MSB-51422-XS-S-DUMMY
ajs-next-eba0c99dc844bd4a34b3ffeffd0c5460,2024-02-18 00:08:55.112000,30.99,EMP-HWL-42075-S-BLK
ajs-next-5b42c0e1eef1be571ba76b96430d3788,2024-02-11 15:24:05.845000,32.99,TRU-LAB-10210-S-BLK
ajs-next-39b0c1347f8a50394b47242fe295b3d8,2024-04-11 15:45:29.990000,23.99,SHE-SNC-62001-S-NUD
ajs-next-02c75b565f5276b7d2e8a249391a3455,2024-04-11 11:38:00.233000,0,SHE-SP-54008-XSS-BLK
ajs-next-fed5ad86643dfa5a15edfe640bf2dfa9,2024-04-07 02:43:02.006000,22,EMP-HWOP-31048-S-BLK
ajs-next-3626fe873cdef4b80ce276bff013fe09,2024-04-09 12:28:12.858000,28.99,TRU-SPB-10022-S-BLK
ajs-next-27b615f61a1028cc8a1a61f56f1a4ce9,2024-04-06 21:45:44.185000,20.99,SHE-OBS-73005-S-BLK
ajs-next-1e5867e982857bce246287315be732bd,2024-04-07 16:23:43.612000,34.99,TRU-LAB-10210-S-BLK
ajs-next-1031051484d2467a493b7c1fbb366f2c,2024-04-11 12:33:20.917000,12.99,TRU-MSB3-51422-BLK-XSS
ajs-next-c85d8a0b3a5eeecd2e4c43bf437f5f82,2024-04-11 01:31:23.924000,34.99,TRU-LAB-10210-S-BLK
ajs-next-24d6da337d29d0a5f083e32d60b803f9,2024-03-16 16:25:23.519000,28.99,TRU-SPB-10022-S-BLK
ajs-next-5296c16863ae886152627340e3ad76ba,2024-02-14 16:33:38.834000,22.99,SHE-TKC-62008-S-WHT
ajs-next-c37b157a7788336cf4ebef341ca11319,2024-01-31 16:55:51.637000,26.99,TRU-WSB-10024-S-BLK
ajs-next-11a33c6d0323a20aa2a1e2d16d3e0942,2024-04-11 16:53:08.123000,29.99,TRU-SPB-10022-S-BLK
ajs-next-16901c1cc291a488c506e84d2622b91d,2024-04-11 13:02:42.143000,23.99,SHE-HWS-55021-S-BLK
